timestamp,helio_stats_id,camera_use,id,currentX,currentY,err_posx,err_posy,x,y,x1,y1,ls1,st_path,move_comp,elevation,azimuth,control_by
30/10/24 13:12:32,h1,rtsp://username:password@camera_ip:port/stream,h1,12,14,13,44,1,1,1,1,1,34.4,333,13.2,34.5,human
30/10/24 13:14:24,h1,rtsp://username:password@camera_ip:port/stream,h1,12,14,13,44,1,1,1,1,1,34.4,333,13.2,34.5,human
30/10/24 13:15:00,h1,rtsp://username:password@camera_ip:port/stream,h1,12,14,13,44,1,1,1,1,1,34.4,333,13.2,34.5,human
31/10/24 08:10:02,h1,rtsp://username:password@camera_ip:port/stream,h1,12,14,13,44,1,1,1,1,1,34.4,333,13.2,34.5,human
31/10/24 14:24:00,h1,rtsp://username:password@camera_ip:port/stream,h1,12,14,13,44,1,1,1,1,1,34.4,333,13.2,34.5,human
31/10/24 14:24:18,h1,rtsp://username:password@camera_ip:port/stream,h1,12,14,13,44,1,1,1,1,1,34.4,333,13.2,34.5,machine
08/11/24 11:24:13,h1,rtsp://admin:Nu12131213@192.168.1.170:554/Streaming/Channels/101/,0,113.41,16.65,6.54,200.0,0,0,0,0,0,0,0,113.41,16.65,machine
08/11/24 11:26:30,h1,rtsp://admin:Nu12131213@192.168.1.170:554/Streaming/Channels/101/,0,113.41,16.65,6.54,200.0,0,0,0,0,0,0,0,113.41,16.65,machine
08/11/24 11:28:43,h1,rtsp://admin:Nu12131213@192.168.1.170:554/Streaming/Channels/101/,0,113.41,16.65,6.54,200.0,0,0,0,0,0,0,0,113.41,16.65,machine
08/11/24 11:29:59,h1,rtsp://admin:Nu12131213@192.168.1.170:554/Streaming/Channels/101/,0,113.41,15.08,1.57,200.0,0,0,0,0,0,0,0,113.41,15.08,machine
08/11/24 11:50:48,h1,rtsp://admin:Nu12131213@192.168.1.170:554/Streaming/Channels/101/,0,126.17,28.14,0.31,100.0,0,0,0,0,0,0,0,126.17,28.14,machine
08/11/24 11:52:25,h1,rtsp://admin:Nu12131213@192.168.1.170:554/Streaming/Channels/101/,0,127.74,27.26,0.88,100.0,0,0,0,0,0,0,0,127.74,27.26,machine
08/11/24 11:58:39,h2,rtsp://admin:Nu12131213@192.168.1.170:554/Streaming/Channels/101/,0,130.39,58.99,2.65,100.0,0,0,0,0,0,0,0,130.39,23.31,machine
08/11/24 12:02:28,h2,rtsp://admin:Nu12131213@192.168.1.170:554/Streaming/Channels/101/,0,130.39,58.99,2.65,100.0,0,0,0,0,0,0,0,130.39,23.31,machine
12/11/24 14:16:59,h1,rtsp://admin:Nu12131213@192.168.1.170:554/Streaming/Channels/101/,0,665.69,18.09,0.27,100.0,0,0,0,0,0,0,0,665.69,18.09,machine
19/11/24 10:34:36,h1,camera-bottom,0,75.61,0.0,5.5,600.0,0,0,0,0,0,0,0,0.0,0.0,human
19/11/24 10:35:04,h1,camera-bottom,0,75.61,0.0,5.5,600.0,0,0,0,0,0,0,0,0.0,0.0,human
19/11/24 10:41:24,h1,camera-bottom,0,75.61,0.0,5.5,600.0,0,0,0,0,0,0,0,0.0,0.0,human
19/11/24 10:42:18,h1,camera-bottom,0,75.61,0.0,5.5,600.0,0,0,0,0,0,0,0,0.0,0.0,human
19/11/24 10:42:25,h1,camera-bottom,0,75.61,0.0,5.5,600.0,0,0,0,0,0,0,0,0.0,0.0,human
19/11/24 10:42:36,h1,camera-bottom,0,75.61,0.0,5.5,600.0,0,0,0,0,0,0,0,0.0,0.0,human
19/11/24 10:42:47,h1,camera-bottom,0,75.61,0.0,5.5,600.0,0,0,0,0,0,0,0,0.0,0.0,human
19/11/24 10:45:18,h1,camera-bottom,0,75.61,0.0,5.5,600.0,0,0,0,0,0,0,0,0.0,0.0,human
19/11/24 10:45:20,h1,camera-bottom,0,75.61,0.0,5.5,600.0,0,0,0,0,0,0,0,0.0,0.0,human
19/11/24 10:46:03,h1,camera-bottom,0,75.61,0.0,5.5,600.0,0,0,0,0,0,0,0,0.0,0.0,human
19/11/24 10:46:05,h1,camera-bottom,0,75.61,0.0,5.5,600.0,0,0,0,0,0,0,0,0.0,0.0,human
19/11/24 10:46:17,h1,camera-bottom,0,75.61,0.0,5.5,600.0,0,0,0,0,0,0,0,0.0,0.0,human
19/11/24 10:46:49,h1,camera-bottom,0,75.61,0.0,5.5,600.0,0,0,0,0,0,0,0,0.0,0.0,human
19/11/24 10:48:17,h1,camera-bottom,0,75.61,0.0,5.5,600.0,0,0,0,0,0,0,0,0.0,0.0,human
19/11/24 10:48:19,h1,camera-bottom,0,75.61,0.0,5.5,600.0,0,0,0,0,0,0,0,0.0,0.0,human
19/11/24 11:17:32,h1,rtsp://admin:Nu12131213@192.168.1.170:554/Streaming/Channels/101/,0,22.12,4.06,3.47,600.0,0,0,0,0,0,0,0,0.0,0.0,machine
19/11/24 11:19:34,h1,camera-bottom,0,32.12,14.06,3.47,600.0,0,0,0,0,0,0,0,0.0,0.0,human
19/11/24 11:21:10,h1,camera-bottom,0,22.12,0.0,3.47,600.0,0,0,0,0,0,0,0,0.0,0.0,human
19/11/24 11:22:52,h1,camera-bottom,0,140.0,168.53,3.47,600.0,0,0,0,0,0,0,0,0.0,0.0,human
19/11/24 11:25:36,h1,rtsp://admin:Nu12131213@192.168.1.170:554/Streaming/Channels/101/,0,143.3,166.58,0.99,600.0,0,0,0,0,0,0,0,0.0,0.0,machine
19/11/24 12:38:02,h1,camera-bottom,0,125.87,28.23,0.0,0.0,0,0,0,0,0,0,0,0.0,0.0,human
19/11/24 13:07:52,h1,camera-bottom,0,25.27,339.2,0.0,0.0,1,0,0,0,0,0,0,0.0,0.0,human
19/11/24 13:08:05,h1,camera-bottom,0,59.08,339.2,0.0,0.0,0,0,0,0,0,0,0,0.0,0.0,human
19/11/24 13:15:20,h1,rtsp://admin:Nu12131213@192.168.1.170:554/Streaming/Channels/101/,0,355.11,157.47,0.91,600.0,0,0,0,0,0,0,0,0.0,0.0,machine
19/11/24 13:19:02,h1,rtsp://admin:Nu12131213@192.168.1.170:554/Streaming/Channels/101/,0,1.31,0.85,1.31,600.0,0,0,0,0,0,0,0,0.0,0.0,machine
19/11/24 13:23:37,h1,rtsp://admin:Nu12131213@192.168.1.170:554/Streaming/Channels/101/,0,3.38,2.54,0.81,600.0,0,0,0,0,0,0,0,0.0,0.0,machine
19/11/24 13:25:28,h1,rtsp://admin:Nu12131213@192.168.1.170:554/Streaming/Channels/101/,0,4.6,1.57,0.78,600.0,0,0,0,0,0,0,0,0.0,0.0,machine
19/11/24 13:29:03,h1,rtsp://admin:Nu12131213@192.168.1.170:554/Streaming/Channels/101/,0,5.76,0.96,0.96,600.0,0,0,0,0,0,0,0,0.0,0.0,machine
19/11/24 13:30:06,h1,rtsp://admin:Nu12131213@192.168.1.170:554/Streaming/Channels/101/,0,6.36,2.88,1.59,600.0,0,0,0,0,0,0,0,0.0,0.0,machine
19/11/24 13:32:39,h1,rtsp://admin:Nu12131213@192.168.1.170:554/Streaming/Channels/101/,0,6.2,0.82,1.31,600.0,0,0,0,0,0,0,0,0.0,0.0,machine
19/11/24 13:46:22,h1,rtsp://admin:Nu12131213@192.168.1.170:554/Streaming/Channels/101/,0,19.52,11.61,1.4,600.0,0,0,0,0,0,0,0,0.0,0.0,machine
25/11/24 14:48:41,h1,rtsp://admin:Nu12131213@192.168.1.170:554/Streaming/Channels/101/,0,13.21,3.18,0.4,600.0,0,0,0,0,0,0,0,0.0,0.0,machine
26/11/24 08:39:26,h1,rtsp://admin:Nu12131213@192.168.1.170:554/Streaming/Channels/101/,0,51.48,3.2,0.56,200.0,0,0,0,0,0,0,0,0.0,0.0,machine
26/11/24 08:42:20,h1,rtsp://admin:Nu12131213@192.168.1.170:554/Streaming/Channels/101/,0,53.47,2.84,0.46,200.0,0,0,0,0,0,0,0,0.0,0.0,machine
26/11/24 09:00:40,h1,rtsp://admin:Nu12131213@192.168.1.170:554/Streaming/Channels/101/,0,66.33,6.49,0.38,200.0,0,0,0,0,0,0,0,0.0,0.0,machine
26/11/24 09:02:16,h1,rtsp://admin:Nu12131213@192.168.1.170:554/Streaming/Channels/101/,0,67.78,6.44,0.76,200.0,0,0,0,0,0,0,0,0.0,0.0,machine
26/11/24 09:05:16,h1,rtsp://admin:Nu12131213@192.168.1.170:554/Streaming/Channels/101/,0,70.12,5.7,1.54,200.0,0,0,0,0,0,0,0,0.0,0.0,machine
26/11/24 09:24:32,h2,rtsp://admin:Nu12131213@192.168.1.170:554/Streaming/Channels/101/,0,102.11,57.62,0.25,200.0,0,0,0,0,0,0,0,0.0,0.0,machine
26/11/24 09:25:17,h2,rtsp://admin:Nu12131213@192.168.1.170:554/Streaming/Channels/101/,0,102.11,57.62,0.25,200.0,0,0,0,0,0,0,0,0.0,0.0,machine
26/11/24 09:41:24,h2,rtsp://admin:Nu12131213@192.168.1.170:554/Streaming/Channels/101/,0,102.11,57.62,0.25,200.0,0,0,0,0,0,0,0,0.0,0.0,machine
26/11/24 09:51:43,h2,rtsp://admin:Nu12131213@192.168.1.170:554/Streaming/Channels/101/,0,102.11,57.62,0.25,200.0,0,0,0,0,0,0,0,0.0,0.0,machine
26/11/24 09:59:20,h2,rtsp://admin:Nu12131213@192.168.1.170:554/Streaming/Channels/101/,0,102.11,57.62,0.25,200.0,0,0,0,0,0,0,0,0.0,0.0,machine
26/11/24 10:00:27,h2,rtsp://admin:Nu12131213@192.168.1.170:554/Streaming/Channels/101/,0,102.11,57.62,0.25,200.0,0,0,0,0,0,0,0,0.0,0.0,machine
26/11/24 10:14:29,h2,rtsp://admin:Nu12131213@192.168.1.170:554/Streaming/Channels/101/,0,102.11,57.62,0.25,200.0,0,0,0,0,0,0,0,0.0,0.0,machine
26/11/24 10:25:29,h2,rtsp://admin:Nu12131213@192.168.1.170:554/Streaming/Channels/101/,0,102.11,57.62,0.25,200.0,0,0,0,0,0,0,0,0.0,0.0,machine
26/11/24 10:29:45,h2,rtsp://admin:Nu12131213@192.168.1.170:554/Streaming/Channels/101/,0,102.11,57.62,0.25,200.0,0,0,0,0,0,0,0,0.0,0.0,machine
26/11/24 10:34:33,h2,rtsp://admin:Nu12131213@192.168.1.170:554/Streaming/Channels/101/,0,102.11,57.62,0.25,200.0,0,0,0,0,0,0,0,0.0,0.0,machine
26/11/24 10:37:01,h2,rtsp://admin:Nu12131213@192.168.1.170:554/Streaming/Channels/101/,0,102.11,57.62,0.25,200.0,0,0,0,0,0,0,0,0.0,0.0,machine
26/11/24 10:37:17,h2,rtsp://admin:Nu12131213@192.168.1.170:554/Streaming/Channels/101/,0,102.11,57.62,0.25,200.0,0,0,0,0,0,0,0,0.0,0.0,machine
26/11/24 10:38:57,h2,rtsp://admin:Nu12131213@192.168.1.170:554/Streaming/Channels/101/,0,102.11,57.62,0.25,200.0,0,0,0,0,0,0,0,0.0,0.0,machine
26/11/24 10:40:10,h2,rtsp://admin:Nu12131213@192.168.1.170:554/Streaming/Channels/101/,0,102.11,57.62,0.25,200.0,0,0,0,0,0,0,0,0.0,0.0,machine
26/11/24 10:47:15,h2,rtsp://admin:Nu12131213@192.168.1.170:554/Streaming/Channels/101/,0,102.11,57.62,0.25,200.0,0,0,0,0,0,0,0,0.0,0.0,machine
26/11/24 10:48:38,h2,rtsp://admin:Nu12131213@192.168.1.170:554/Streaming/Channels/101/,0,102.11,57.62,0.25,200.0,0,0,0,0,0,0,0,0.0,0.0,machine
26/11/24 10:49:59,h2,rtsp://admin:Nu12131213@192.168.1.170:554/Streaming/Channels/101/,0,102.11,57.62,0.25,200.0,0,0,0,0,0,0,0,0.0,0.0,machine
26/11/24 10:50:54,h2,rtsp://admin:Nu12131213@192.168.1.170:554/Streaming/Channels/101/,0,102.11,57.62,0.25,200.0,0,0,0,0,0,0,0,0.0,0.0,machine
26/11/24 10:51:46,h2,rtsp://admin:Nu12131213@192.168.1.170:554/Streaming/Channels/101/,0,102.11,57.62,0.25,200.0,0,0,0,0,0,0,0,0.0,0.0,machine
26/11/24 10:52:34,h2,rtsp://admin:Nu12131213@192.168.1.170:554/Streaming/Channels/101/,0,102.11,57.62,0.25,200.0,0,0,0,0,0,0,0,0.0,0.0,machine
26/11/24 10:53:25,h2,rtsp://admin:Nu12131213@192.168.1.170:554/Streaming/Channels/101/,0,102.11,57.62,0.25,200.0,0,0,0,0,0,0,0,0.0,0.0,machine
26/11/24 10:54:43,h2,rtsp://admin:Nu12131213@192.168.1.170:554/Streaming/Channels/101/,0,102.11,57.62,0.25,200.0,0,0,0,0,0,0,0,0.0,0.0,machine
26/11/24 11:18:31,h2,rtsp://admin:Nu12131213@192.168.1.170:554/Streaming/Channels/101/,0,102.11,57.62,0.25,200.0,0,0,0,0,0,0,0,0.0,0.0,machine
26/11/24 11:32:32,h2,rtsp://admin:Nu12131213@192.168.1.170:554/Streaming/Channels/101/,0,102.11,57.62,0.25,200.0,0,0,0,0,0,0,0,0.0,0.0,machine
26/11/24 11:42:39,h2,rtsp://admin:Nu12131213@192.168.1.170:554/Streaming/Channels/101/,0,102.11,57.62,0.25,200.0,0,0,0,0,0,0,0,0.0,0.0,machine
26/11/24 11:46:11,h2,rtsp://admin:Nu12131213@192.168.1.170:554/Streaming/Channels/101/,0,102.11,57.62,0.25,200.0,0,0,0,0,0,0,0,0.0,0.0,machine
26/11/24 12:19:11,h2,rtsp://admin:Nu12131213@192.168.1.170:554/Streaming/Channels/101/,0,201.43,67.48,0.25,200.0,0,0,0,0,0,0,0,0.0,0.0,machine
26/11/24 12:26:19,h2,rtsp://admin:Nu12131213@192.168.1.170:554/Streaming/Channels/101/,0,201.43,67.48,0.25,200.0,0,0,0,0,0,0,0,0.0,0.0,machine
26/11/24 12:33:43,h2,rtsp://admin:Nu12131213@192.168.1.170:554/Streaming/Channels/101/,0,201.43,67.48,0.25,200.0,0,0,0,0,0,0,0,0.0,0.0,machine
26/11/24 12:41:56,h2,rtsp://admin:Nu12131213@192.168.1.170:554/Streaming/Channels/101/,0,201.43,67.48,0.25,200.0,0,0,0,0,0,0,0,0.0,0.0,machine
26/11/24 12:50:22,h2,rtsp://admin:Nu12131213@192.168.1.170:554/Streaming/Channels/101/,0,201.43,67.48,0.25,200.0,0,0,0,0,0,0,0,0.0,0.0,machine
26/11/24 12:57:27,h2,rtsp://admin:Nu12131213@192.168.1.170:554/Streaming/Channels/101/,0,201.43,67.48,0.25,200.0,0,0,0,0,0,0,0,0.0,0.0,machine
26/11/24 13:10:19,h2,rtsp://admin:Nu12131213@192.168.1.170:554/Streaming/Channels/101/,0,201.43,67.48,0.25,200.0,0,0,0,0,0,0,0,0.0,0.0,machine
26/11/24 13:11:36,h2,rtsp://admin:Nu12131213@192.168.1.170:554/Streaming/Channels/101/,0,201.43,67.48,0.25,200.0,0,0,0,0,0,0,0,0.0,0.0,machine
26/11/24 13:25:15,h2,rtsp://admin:Nu12131213@192.168.1.170:554/Streaming/Channels/101/,0,253.51,14.7,7.57,200.0,0,0,0,0,0,0,0,0.0,0.0,machine
26/11/24 13:29:37,h2,rtsp://admin:Nu12131213@192.168.1.170:554/Streaming/Channels/101/,0,253.51,14.7,7.57,200.0,0,0,0,0,0,0,0,0.0,0.0,machine
26/11/24 14:04:00,h2,rtsp://admin:Nu12131213@192.168.1.170:554/Streaming/Channels/101/,0,253.51,14.7,7.57,200.0,0,0,0,0,0,0,0,0.0,0.0,machine
26/11/24 14:08:14,h2,rtsp://admin:Nu12131213@192.168.1.170:554/Streaming/Channels/101/,0,253.51,14.7,7.57,200.0,0,0,0,0,0,0,0,0.0,0.0,machine
26/11/24 14:10:19,h2,rtsp://admin:Nu12131213@192.168.1.170:554/Streaming/Channels/101/,0,253.51,14.7,7.57,200.0,0,0,0,0,0,0,0,0.0,0.0,machine
26/11/24 14:11:40,h2,rtsp://admin:Nu12131213@192.168.1.170:554/Streaming/Channels/101/,0,253.51,14.7,7.57,200.0,0,0,0,0,0,0,0,0.0,0.0,machine
26/11/24 14:13:18,h2,rtsp://admin:Nu12131213@192.168.1.170:554/Streaming/Channels/101/,0,253.51,14.7,7.57,200.0,0,0,0,0,0,0,0,0.0,0.0,machine
26/11/24 14:15:57,h2,rtsp://admin:Nu12131213@192.168.1.170:554/Streaming/Channels/101/,0,253.51,14.7,7.57,200.0,0,0,0,0,0,0,0,0.0,0.0,machine
26/11/24 14:17:16,h2,rtsp://admin:Nu12131213@192.168.1.170:554/Streaming/Channels/101/,0,253.51,14.7,7.57,200.0,0,0,0,0,0,0,0,0.0,0.0,machine
26/11/24 14:17:35,h2,rtsp://admin:Nu12131213@192.168.1.170:554/Streaming/Channels/101/,0,253.51,14.7,7.57,200.0,0,0,0,0,0,0,0,0.0,0.0,machine
26/11/24 14:18:43,h2,rtsp://admin:Nu12131213@192.168.1.170:554/Streaming/Channels/101/,0,253.51,14.7,7.57,200.0,0,0,0,0,0,0,0,0.0,0.0,machine
26/11/24 14:19:48,h2,rtsp://admin:Nu12131213@192.168.1.170:554/Streaming/Channels/101/,0,253.51,14.7,7.57,200.0,0,0,0,0,0,0,0,0.0,0.0,machine
26/11/24 14:21:14,h2,rtsp://admin:Nu12131213@192.168.1.170:554/Streaming/Channels/101/,0,253.51,14.7,7.57,200.0,0,0,0,0,0,0,0,0.0,0.0,machine
26/11/24 14:21:51,h2,rtsp://admin:Nu12131213@192.168.1.170:554/Streaming/Channels/101/,0,253.51,14.7,7.57,200.0,0,0,0,0,0,0,0,0.0,0.0,machine
26/11/24 14:22:53,h2,rtsp://admin:Nu12131213@192.168.1.170:554/Streaming/Channels/101/,0,253.51,14.7,7.57,200.0,0,0,0,0,0,0,0,0.0,0.0,machine
26/11/24 14:26:06,h2,rtsp://admin:Nu12131213@192.168.1.170:554/Streaming/Channels/101/,0,253.51,14.7,7.57,200.0,0,0,0,0,0,0,0,0.0,0.0,machine
26/11/24 14:26:30,h2,rtsp://admin:Nu12131213@192.168.1.170:554/Streaming/Channels/101/,0,253.51,14.7,7.57,200.0,0,0,0,0,0,0,0,0.0,0.0,machine
26/11/24 14:27:40,h2,rtsp://admin:Nu12131213@192.168.1.170:554/Streaming/Channels/101/,0,253.51,14.7,7.57,200.0,0,0,0,0,0,0,0,0.0,0.0,machine
26/11/24 14:41:31,h2,rtsp://admin:Nu12131213@192.168.1.170:554/Streaming/Channels/101/,0,253.51,14.7,7.57,200.0,0,0,0,0,0,0,0,0.0,0.0,machine
27/11/24 10:15:53,h1,rtsp://admin:Nu12131213@192.168.1.170:554/Streaming/Channels/101/,0,186.75,386.62,1.01,400.0,0,0,0,0,0,0,0,0.0,0.0,machine
27/11/24 10:21:15,h1,rtsp://admin:Nu12131213@192.168.1.170:554/Streaming/Channels/101/,0,189.2,385.48,0.42,400.0,0,0,0,0,0,0,0,0.0,0.0,machine
27/11/24 11:13:56,h1,camera-bottom,0,4.25,7.59,0.11,200.0,0,0,0,0,0,0,0,0.0,0.0,human
27/11/24 11:24:40,h1,rtsp://admin:Nu12131213@192.168.1.170:554/Streaming/Channels/101/,0,27.58,18.95,0.35,400.0,0,0,0,0,0,0,0,0.0,0.0,machine
27/11/24 11:24:56,h1,rtsp://admin:Nu12131213@192.168.1.170:554/Streaming/Channels/101/,0,27.96,18.88,0.24,400.0,0,0,0,0,0,0,0,0.0,0.0,machine
27/11/24 11:28:06,h1,rtsp://admin:Nu12131213@192.168.1.170:554/Streaming/Channels/101/,0,29.48,17.42,0.28,400.0,0,0,0,0,0,0,0,0.0,0.0,machine
27/11/24 11:35:28,h1,rtsp://admin:Nu12131213@192.168.1.170:554/Streaming/Channels/101/,0,33.58,14.83,0.79,400.0,0,0,0,0,0,0,0,0.0,0.0,machine
27/11/24 11:36:12,h1,rtsp://admin:Nu12131213@192.168.1.170:554/Streaming/Channels/101/,0,33.96,14.08,0.3,400.0,0,0,0,0,0,0,0,0.0,0.0,machine
27/11/24 11:40:55,h1,rtsp://admin:Nu12131213@192.168.1.170:554/Streaming/Channels/101/,0,36.38,11.5,0.21,400.0,0,0,0,0,0,0,0,0.0,0.0,machine
27/11/24 11:48:09,h1,rtsp://admin:Nu12131213@192.168.1.170:554/Streaming/Channels/101/,0,4.13,0.0,0.31,400.0,0,0,0,0,0,0,0,0.0,0.0,machine
27/11/24 11:50:43,h1,rtsp://admin:Nu12131213@192.168.1.170:554/Streaming/Channels/101/,0,5.36,0.0,0.22,400.0,0,0,0,0,0,0,0,0.0,0.0,machine
27/11/24 11:51:52,h1,rtsp://admin:Nu12131213@192.168.1.170:554/Streaming/Channels/101/,0,5.84,0.0,0.48,400.0,0,0,0,0,0,0,0,0.0,0.0,machine
27/11/24 11:53:14,h1,rtsp://admin:Nu12131213@192.168.1.170:554/Streaming/Channels/101/,0,6.64,0.0,0.65,400.0,0,0,0,0,0,0,0,0.0,0.0,machine
27/11/24 11:55:25,h1,rtsp://admin:Nu12131213@192.168.1.170:554/Streaming/Channels/101/,0,7.75,0.0,0.28,400.0,0,0,0,0,0,0,0,0.0,0.0,machine
27/11/24 11:56:12,h1,rtsp://admin:Nu12131213@192.168.1.170:554/Streaming/Channels/101/,0,8.19,0.0,0.37,400.0,0,0,0,0,0,0,0,0.0,0.0,machine
27/11/24 15:03:29,h3,rtsp://admin:Nu12131213@192.168.1.170:554/Streaming/Channels/101/,0,81.05,0.0,0.31,200.0,0,0,0,0,0,0,0,0.0,0.0,machine
27/11/24 15:05:47,h3,rtsp://admin:Nu12131213@192.168.1.170:554/Streaming/Channels/101/,0,81.05,0.0,0.31,200.0,0,0,0,0,0,0,0,0.0,0.0,machine
27/11/24 15:07:03,h3,rtsp://admin:Nu12131213@192.168.1.170:554/Streaming/Channels/101/,0,81.05,0.0,0.31,200.0,0,0,0,0,0,0,0,0.0,0.0,machine
02/12/24 10:28:05,h2,rtsp://admin:Nu12131213@192.168.1.170:554/Streaming/Channels/101/,0,0.0,0.0,0.0,0.0,0,0,0,0,0,0,0,0.0,0.0,machine
02/12/24 10:29:49,h2,rtsp://admin:Nu12131213@192.168.1.170:554/Streaming/Channels/101/,0,0.0,0.0,0.0,0.0,0,0,0,0,0,0,0,0.0,0.0,machine
02/12/24 10:32:06,h2,rtsp://admin:Nu12131213@192.168.1.170:554/Streaming/Channels/101/,0,0.0,0.0,0.0,0.0,0,0,0,0,0,0,0,0.0,0.0,machine
02/12/24 10:33:32,h2,rtsp://admin:Nu12131213@192.168.1.170:554/Streaming/Channels/101/,0,0.0,0.0,0.0,0.0,0,0,0,0,0,0,0,0.0,0.0,machine
02/12/24 10:34:59,h2,rtsp://admin:Nu12131213@192.168.1.170:554/Streaming/Channels/101/,0,0.0,0.0,0.0,0.0,0,0,0,0,0,0,0,0.0,0.0,machine
02/12/24 10:40:50,h2,rtsp://admin:Nu12131213@192.168.1.170:554/Streaming/Channels/101/,0,0.0,0.0,0.0,0.0,0,0,0,0,0,0,0,0.0,0.0,machine
02/12/24 11:53:49,h2,rtsp://admin:Nu12131213@192.168.1.170:554/Streaming/Channels/101/,0,0.0,0.0,0.0,0.0,0,0,0,0,0,0,0,0.0,0.0,machine
02/12/24 11:58:38,h2,rtsp://admin:Nu12131213@192.168.1.170:554/Streaming/Channels/101/,0,0.0,0.0,0.0,0.0,0,0,0,0,0,0,0,0.0,0.0,machine
02/12/24 12:19:34,h2,rtsp://admin:Nu12131213@192.168.1.170:554/Streaming/Channels/101/,0,0.0,0.0,0.0,0.0,0,0,0,0,0,0,0,0.0,0.0,machine
02/12/24 13:22:44,h2,rtsp://admin:Nu12131213@192.168.1.170:554/Streaming/Channels/101/,0,0.0,0.0,0.0,0.0,0,0,0,0,0,0,0,0.0,0.0,machine
02/12/24 13:26:08,h2,rtsp://admin:Nu12131213@192.168.1.170:554/Streaming/Channels/101/,0,0.0,0.0,0.0,0.0,0,0,0,0,0,0,0,0.0,0.0,machine
02/12/24 13:40:08,h2,rtsp://admin:Nu12131213@192.168.1.170:554/Streaming/Channels/101/,0,0.0,0.0,0.0,0.0,0,0,0,0,0,0,0,0.0,0.0,machine
02/12/24 13:42:38,h2,rtsp://admin:Nu12131213@192.168.1.170:554/Streaming/Channels/101/,0,0.0,0.0,0.0,0.0,0,0,0,0,0,0,0,0.0,0.0,machine
02/12/24 13:45:24,h2,rtsp://admin:Nu12131213@192.168.1.170:554/Streaming/Channels/101/,0,0.0,0.0,0.0,0.0,0,0,0,0,0,0,0,0.0,0.0,machine
02/12/24 13:52:34,h2,rtsp://admin:Nu12131213@192.168.1.170:554/Streaming/Channels/101/,0,0.0,0.0,0.0,0.0,0,0,0,0,0,0,0,0.0,0.0,machine
02/12/24 13:55:18,h2,rtsp://admin:Nu12131213@192.168.1.170:554/Streaming/Channels/101/,0,0.0,0.0,0.0,0.0,0,0,0,0,0,0,0,0.0,0.0,machine
02/12/24 13:57:24,h2,rtsp://admin:Nu12131213@192.168.1.170:554/Streaming/Channels/101/,0,0.0,0.0,0.0,0.0,0,0,0,0,0,0,0,0.0,0.0,machine
02/12/24 13:58:10,h2,rtsp://admin:Nu12131213@192.168.1.170:554/Streaming/Channels/101/,0,0.0,0.0,0.0,0.0,0,0,0,0,0,0,0,0.0,0.0,machine
02/12/24 13:58:52,h2,rtsp://admin:Nu12131213@192.168.1.170:554/Streaming/Channels/101/,0,0.0,0.0,0.0,0.0,0,0,0,0,0,0,0,0.0,0.0,machine
02/12/24 14:01:36,h2,rtsp://admin:Nu12131213@192.168.1.170:554/Streaming/Channels/101/,0,0.0,0.0,0.0,0.0,0,0,0,0,0,0,0,0.0,0.0,machine
02/12/24 14:07:56,h2,rtsp://admin:Nu12131213@192.168.1.170:554/Streaming/Channels/101/,0,0.0,0.0,0.0,0.0,0,0,0,0,0,0,0,0.0,0.0,machine
02/12/24 14:12:24,h2,rtsp://admin:Nu12131213@192.168.1.170:554/Streaming/Channels/101/,0,0.0,0.0,0.0,0.0,0,0,0,0,0,0,0,0.0,0.0,machine
02/12/24 14:52:55,h2,rtsp://admin:Nu12131213@192.168.1.170:554/Streaming/Channels/101/,0,0.0,0.0,0.0,0.0,0,0,0,0,0,0,0,0.0,0.0,machine
02/12/24 14:56:25,h2,rtsp://admin:Nu12131213@192.168.1.170:554/Streaming/Channels/101/,0,0.0,0.0,0.0,0.0,0,0,0,0,0,0,0,0.0,0.0,machine
02/12/24 15:30:20,h2,rtsp://admin:Nu12131213@192.168.1.170:554/Streaming/Channels/101/,0,0.0,0.0,0.0,0.0,0,0,0,0,0,0,0,0.0,0.0,machine
03/12/24 09:01:10,h1,rtsp://admin:Nu12131213@192.168.1.170:554/Streaming/Channels/101/,0,78.37,372.77,0.23,300.0,0,0,0,0,0,0,0,0.0,0.0,machine
04/12/24 11:28:52,h2,rtsp://admin:Nu12131213@192.168.1.170:554/Streaming/Channels/101/,0,72.29,421.18,0.16,400.0,0,0,0,0,0,0,0,0.0,0.0,machine
04/12/24 11:38:00,h2,rtsp://admin:Nu12131213@192.168.1.170:554/Streaming/Channels/101/,1,298.03,196.23,0.11,300.0,0,0,0,0,0,0,0,0.0,0.0,machine
04/12/24 11:41:06,h2,rtsp://admin:Nu12131213@192.168.1.170:554/Streaming/Channels/101/,1,299.82,194.81,0.09,300.0,0,0,0,0,0,0,0,0.0,0.0,machine
04/12/24 13:58:22,h2,rtsp://admin:Nu12131213@192.168.1.170:554/Streaming/Channels/101/,1,382.74,137.74,0.25,300.0,0,0,0,0,0,0,0,0.0,0.0,machine
04/12/24 13:59:24,h2,rtsp://admin:Nu12131213@192.168.1.170:554/Streaming/Channels/101/,1,383.23,136.66,0.11,300.0,0,0,0,0,0,0,0,0.0,0.0,machine
04/12/24 15:37:37,h2,rtsp://admin:Nu12131213@192.168.1.170:554/Streaming/Channels/101/,1,393.79,79.34,0.12,100.0,0,0,0,0,0,0,0,0.0,0.0,machine
04/12/24 15:38:42,h2,rtsp://admin:Nu12131213@192.168.1.170:554/Streaming/Channels/101/,1,393.7,78.75,0.26,300.0,0,0,0,0,0,0,0,0.0,0.0,machine
06/12/24 11:21:32,h1,rtsp://admin:Nu12131213@192.168.1.170:554/Streaming/Channels/101/,0,116.72,367.76,0.17,300.0,0,0,0,0,0,0,0,0.0,0.0,machine
06/12/24 11:23:53,h2,rtsp://admin:Nu12131213@192.168.1.170:554/Streaming/Channels/101/,1,274.41,242.35,0.09,300.0,0,0,0,0,0,0,0,0.0,0.0,machine
06/12/24 11:25:57,h3,rtsp://admin:Nu12131213@192.168.1.170:554/Streaming/Channels/101/,2,183.85,255.1,0.09,300.0,0,0,0,0,0,0,0,0.0,0.0,machine
06/12/24 11:27:55,h4,rtsp://admin:Nu12131213@192.168.1.170:554/Streaming/Channels/101/,3,162.06,203.35,0.09,300.0,0,0,0,0,0,0,0,0.0,0.0,machine
06/12/24 11:31:15,h1,rtsp://admin:Nu12131213@192.168.1.170:554/Streaming/Channels/101/,0,122.31,363.23,0.08,300.0,0,0,0,0,0,0,0,0.0,0.0,machine
06/12/24 11:38:40,h2,rtsp://admin:Nu12131213@192.168.1.170:554/Streaming/Channels/101/,1,283.19,236.0,0.08,100.0,0,0,0,0,0,0,0,0.0,0.0,machine
06/12/24 11:40:13,h2,rtsp://admin:Nu12131213@192.168.1.170:554/Streaming/Channels/101/,1,284.2,234.98,0.07,100.0,0,0,0,0,0,0,0,0.0,0.0,machine
06/12/24 13:07:13,h2,rtsp://admin:Nu12131213@192.168.1.170:554/Streaming/Channels/101/,1,329.63,191.46,0.06,100.0,0,0,0,0,0,0,0,0.0,0.0,machine
09/12/24 09:52:10,h1,rtsp://admin:Nu12131213@192.168.1.170:554/Streaming/Channels/101/,0,61.45,109.56,0.56,600.0,0,0,0,0,0,0,0,0.0,0.0,machine
09/12/24 09:55:49,h1,rtsp://admin:Nu12131213@192.168.1.170:554/Streaming/Channels/101/,0,62.93,109.36,0.68,600.0,0,0,0,0,0,0,0,0.0,0.0,machine
09/12/24 09:58:56,h1,rtsp://admin:Nu12131213@192.168.1.170:554/Streaming/Channels/101/,0,73.09,132.27,0.12,600.0,0,0,0,0,0,0,0,0.0,0.0,machine
09/12/24 11:16:26,h1,camera-bottom,0,152.22,334.26,0.68,600.0,0,0,0,0,0,0,0,0.0,0.0,machine
09/12/24 11:29:14,h1,camera-bottom,0,158.85,329.36,0.37,600.0,0,0,0,0,0,0,0,0.0,0.0,machine
09/12/24 12:01:13,h1,camera-bottom,0,174.56,315.37,0.27,600.0,0,0,0,0,0,0,0,0.0,0.0,machine
10/12/24 08:26:52,h1,camera-bottom,0,21.93,299.94,0.16,400.0,0,0,0,0,0,0,0,0.0,0.0,machine
10/12/24 08:26:58,h1,camera-bottom,0,21.93,299.94,0.16,400.0,0,0,0,0,0,0,0,0.0,0.0,machine
10/12/24 08:27:08,h1,camera-bottom,0,22.04,300.06,0.23,400.0,0,0,0,0,0,0,0,0.0,0.0,machine
10/12/24 08:29:55,h1,camera-bottom,0,23.33,301.01,0.06,100.0,0,0,0,0,0,0,0,0.0,0.0,machine
13/12/24 14:15:40,h1,camera-bottom,0,255.52,245.21,0.15,100.0,0,0,0,0,0,0,0,0.0,0.0,machine
16/12/24 09:29:52,h2,camera-bottom,1,179.54,205.33,0.19,100.0,0,0,0,0,0,0,0,0.0,0.0,machine
16/12/24 10:12:45,h3,camera-bottom,2,189.53,89.88,0.08,100.0,0,0,0,0,0,0,0,0.0,0.0,machine
16/12/24 11:51:22,h1,camera-bottom,0,223.86,285.09,0.31,100.0,0,0,0,0,0,0,0,0.0,0.0,machine
16/12/24 11:55:03,h2,camera-bottom,1,281.31,202.47,7.61,100.0,0,0,0,0,0,0,0,0.0,0.0,machine
16/12/24 11:55:53,h2,camera-bottom,1,281.86,201.78,0.09,100.0,0,0,0,0,0,0,0,0.0,0.0,machine
16/12/24 13:16:49,h3,camera-bottom,2,548.98,91.58,0.25,100.0,0,0,0,0,0,0,0,0.0,0.0,machine
16/12/24 13:23:53,h4,camera-bottom,3,342.06,22.88,0.12,100.0,0,0,0,0,0,0,0,0.0,0.0,machine
16/12/24 14:16:33,h1,camera-bottom,0,311.83,218.82,0.15,100.0,0,0,0,0,0,0,0,0.0,0.0,machine
16/12/24 14:24:44,h2,camera-bottom,1,339.04,141.44,0.08,100.0,0,0,0,0,0,0,0,0.0,0.0,machine
16/12/24 14:31:48,h3,camera-bottom,2,41.87,16.95,0.2,100.0,0,0,0,0,0,0,0,0.0,0.0,machine
16/12/24 14:38:02,h4,camera-bottom,3,57.61,0.8,0.2,100.0,0,0,0,0,0,0,0,0.0,0.0,machine
17/12/24 08:36:14,h1,camera-bottom,0,24.61,303.77,0.08,100.0,0,0,0,0,0,0,0,0.0,0.0,machine
17/12/24 08:42:57,h2,camera-bottom,1,153.68,239.64,0.14,100.0,0,0,0,0,0,0,0,0.0,0.0,machine
17/12/24 08:48:17,h3,camera-bottom,2,68.2,229.5,0.09,100.0,0,0,0,0,0,0,0,0.0,0.0,machine
17/12/24 09:05:36,h4,camera-bottom,3,70.61,215.47,0.28,100.0,0,0,0,0,0,0,0,0.0,0.0,machine
17/12/24 09:16:27,h1,camera-bottom,0,44.09,343.44,0.11,100.0,0,0,0,0,0,0,0,0.0,0.0,machine
17/12/24 09:21:47,h2,camera-bottom,1,177.13,235.97,0.09,100.0,0,0,0,0,0,0,0,0.0,0.0,machine
17/12/24 09:50:16,h3,camera-bottom,2,171.71,223.57,0.08,100.0,0,0,0,0,0,0,0,0.0,0.0,machine
17/12/24 09:59:07,h4,camera-bottom,3,104.89,211.72,0.65,100.0,0,0,0,0,0,0,0,0.0,0.0,machine
17/12/24 10:39:55,h1,camera-bottom,0,129.07,351.22,0.34,100.0,0,0,0,0,0,0,0,0.0,0.0,machine
17/12/24 10:51:48,h2,camera-bottom,1,240.42,230.55,0.15,100.0,0,0,0,0,0,0,0,0.0,0.0,machine
17/12/24 10:57:17,h3,camera-bottom,2,213.21,249.95,0.22,100.0,0,0,0,0,0,0,0,0.0,0.0,machine
17/12/24 11:09:21,h4,camera-bottom,3,277.44,250.24,0.07,100.0,0,0,0,0,0,0,0,0.0,0.0,machine
17/12/24 11:14:14,h5,camera-bottom,4,183.57,233.73,0.11,100.0,0,0,0,0,0,0,0,0.0,0.0,machine
17/12/24 11:22:33,h5,camera-bottom,4,188.14,230.71,0.08,100.0,0,0,0,0,0,0,0,0.0,0.0,machine
17/12/24 11:28:18,h5,camera-bottom,4,191.36,227.94,0.15,100.0,0,0,0,0,0,0,0,0.0,0.0,machine
17/12/24 11:32:41,h5,camera-bottom,4,193.55,226.2,0.17,100.0,0,0,0,0,0,0,0,0.0,0.0,machine
17/12/24 11:39:49,h5,camera-bottom,4,197.66,222.93,0.12,100.0,0,0,0,0,0,0,0,0.0,0.0,machine
17/12/24 11:43:25,h5,camera-bottom,4,199.71,221.41,0.08,100.0,0,0,0,0,0,0,0,0.0,0.0,machine
17/12/24 11:45:51,h5,camera-bottom,4,200.96,220.29,0.17,100.0,0,0,0,0,0,0,0,0.0,0.0,machine
17/12/24 11:47:42,h5,camera-bottom,4,201.85,219.55,0.09,100.0,0,0,0,0,0,0,0,0.0,0.0,machine
17/12/24 11:51:18,h5,camera-bottom,4,203.75,217.9,0.17,100.0,0,0,0,0,0,0,0,0.0,0.0,machine
17/12/24 11:53:10,h5,camera-bottom,4,204.69,217.01,0.15,100.0,0,0,0,0,0,0,0,0.0,0.0,machine
17/12/24 11:55:19,h5,camera-bottom,4,205.87,216.14,0.09,100.0,0,0,0,0,0,0,0,0.0,0.0,machine
17/12/24 12:05:28,h5,camera-bottom,4,211.15,211.26,0.28,100.0,0,0,0,0,0,0,0,0.0,0.0,machine
17/12/24 12:14:58,h5,camera-bottom,4,216.09,206.75,0.08,100.0,0,0,0,0,0,0,0,0.0,0.0,machine
17/12/24 12:18:52,h5,camera-bottom,4,217.87,204.66,0.14,100.0,0,0,0,0,0,0,0,0.0,0.0,machine
17/12/24 12:20:49,h5,camera-bottom,4,218.96,203.95,0.14,100.0,0,0,0,0,0,0,0,0.0,0.0,machine
17/12/24 12:25:10,h5,camera-bottom,4,221.25,201.51,0.08,100.0,0,0,0,0,0,0,0,0.0,0.0,machine
17/12/24 12:30:01,h5,camera-bottom,4,223.48,199.35,0.07,100.0,0,0,0,0,0,0,0,0.0,0.0,machine
17/12/24 12:32:38,h5,camera-bottom,4,224.87,198.1,0.19,100.0,0,0,0,0,0,0,0,0.0,0.0,machine
17/12/24 12:35:12,h5,camera-bottom,4,226.1,196.8,0.08,100.0,0,0,0,0,0,0,0,0.0,0.0,machine
17/12/24 12:38:48,h5,camera-bottom,4,227.62,195.06,0.07,100.0,0,0,0,0,0,0,0,0.0,0.0,machine
17/12/24 12:40:51,h5,camera-bottom,4,228.62,193.98,0.06,100.0,0,0,0,0,0,0,0,0.0,0.0,machine
17/12/24 12:43:06,h5,camera-bottom,4,229.71,192.82,0.14,100.0,0,0,0,0,0,0,0,0.0,0.0,machine
17/12/24 12:45:23,h5,camera-bottom,4,230.88,191.5,0.11,100.0,0,0,0,0,0,0,0,0.0,0.0,machine
17/12/24 12:48:33,h5,camera-bottom,4,232.26,189.74,0.11,100.0,0,0,0,0,0,0,0,0.0,0.0,machine
17/12/24 12:51:48,h5,camera-bottom,4,233.81,188.2,0.17,100.0,0,0,0,0,0,0,0,0.0,0.0,machine
17/12/24 12:54:07,h5,camera-bottom,4,234.9,187.03,0.17,100.0,0,0,0,0,0,0,0,0.0,0.0,machine
17/12/24 12:56:40,h5,camera-bottom,4,236.0,185.55,0.17,100.0,0,0,0,0,0,0,0,0.0,0.0,machine
17/12/24 13:01:12,h5,camera-bottom,4,238.06,183.05,0.11,100.0,0,0,0,0,0,0,0,0.0,0.0,machine
17/12/24 13:05:22,h5,camera-bottom,4,239.9,180.95,0.23,100.0,0,0,0,0,0,0,0,0.0,0.0,machine
17/12/24 13:09:36,h5,camera-bottom,4,241.71,179.0,0.06,100.0,0,0,0,0,0,0,0,0.0,0.0,machine
17/12/24 13:12:27,h5,camera-bottom,4,243.0,177.25,0.23,100.0,0,0,0,0,0,0,0,0.0,0.0,machine
17/12/24 13:17:32,h5,camera-bottom,4,245.05,174.68,0.09,100.0,0,0,0,0,0,0,0,0.0,0.0,machine
17/12/24 13:19:57,h5,camera-bottom,4,246.01,173.34,0.07,100.0,0,0,0,0,0,0,0,0.0,0.0,machine
17/12/24 13:22:10,h5,camera-bottom,4,247.19,172.16,0.37,100.0,0,0,0,0,0,0,0,0.0,0.0,machine
17/12/24 13:25:36,h5,camera-bottom,4,248.73,170.1,0.14,100.0,0,0,0,0,0,0,0,0.0,0.0,machine
17/12/24 13:37:33,h5,camera-bottom,4,253.43,163.9,0.08,100.0,0,0,0,0,0,0,0,0.0,0.0,machine
17/12/24 13:40:17,h5,camera-bottom,4,254.46,162.0,0.17,100.0,0,0,0,0,0,0,0,0.0,0.0,machine
17/12/24 13:43:39,h5,camera-bottom,4,255.7,160.4,0.17,100.0,0,0,0,0,0,0,0,0.0,0.0,machine
17/12/24 13:47:36,h5,camera-bottom,4,256.96,158.25,0.09,100.0,0,0,0,0,0,0,0,0.0,0.0,machine
17/12/24 13:50:16,h5,camera-bottom,4,258.13,156.85,0.22,100.0,0,0,0,0,0,0,0,0.0,0.0,machine
17/12/24 13:53:47,h5,camera-bottom,4,259.03,154.83,0.09,100.0,0,0,0,0,0,0,0,0.0,0.0,machine
17/12/24 13:57:31,h5,camera-bottom,4,260.32,152.86,0.09,100.0,0,0,0,0,0,0,0,0.0,0.0,machine
17/12/24 14:00:28,h5,camera-bottom,4,261.26,151.1,0.08,100.0,0,0,0,0,0,0,0,0.0,0.0,machine
17/12/24 14:03:47,h5,camera-bottom,4,262.29,149.31,0.08,100.0,0,0,0,0,0,0,0,0.0,0.0,machine
17/12/24 14:09:29,h5,camera-bottom,4,264.17,146.01,0.11,100.0,0,0,0,0,0,0,0,0.0,0.0,machine
17/12/24 14:15:21,h5,camera-bottom,4,265.74,142.86,0.12,100.0,0,0,0,0,0,0,0,0.0,0.0,machine
17/12/24 14:17:44,h5,camera-bottom,4,266.45,141.55,0.07,100.0,0,0,0,0,0,0,0,0.0,0.0,machine
17/12/24 14:20:31,h5,camera-bottom,4,267.3,140.03,0.09,100.0,0,0,0,0,0,0,0,0.0,0.0,machine
17/12/24 14:23:46,h5,camera-bottom,4,268.1,138.25,0.09,100.0,0,0,0,0,0,0,0,0.0,0.0,machine
17/12/24 14:26:55,h5,camera-bottom,4,268.89,136.56,0.12,100.0,0,0,0,0,0,0,0,0.0,0.0,machine
17/12/24 14:29:37,h5,camera-bottom,4,269.57,134.83,0.09,100.0,0,0,0,0,0,0,0,0.0,0.0,machine
17/12/24 14:32:48,h5,camera-bottom,4,270.31,133.04,0.09,100.0,0,0,0,0,0,0,0,0.0,0.0,machine
17/12/24 14:35:30,h5,camera-bottom,4,271.0,131.76,0.09,100.0,0,0,0,0,0,0,0,0.0,0.0,machine
17/12/24 14:37:48,h5,camera-bottom,4,271.46,130.48,0.09,100.0,0,0,0,0,0,0,0,0.0,0.0,machine
17/12/24 14:40:13,h5,camera-bottom,4,272.01,129.18,0.09,100.0,0,0,0,0,0,0,0,0.0,0.0,machine
17/12/24 14:42:49,h5,camera-bottom,4,272.48,127.74,0.09,100.0,0,0,0,0,0,0,0,0.0,0.0,machine
17/12/24 14:45:38,h5,camera-bottom,4,273.1,125.99,0.28,100.0,0,0,0,0,0,0,0,0.0,0.0,machine
17/12/24 14:48:02,h5,camera-bottom,4,273.59,124.75,0.09,100.0,0,0,0,0,0,0,0,0.0,0.0,machine
17/12/24 14:51:38,h5,camera-bottom,4,274.22,122.84,0.14,100.0,0,0,0,0,0,0,0,0.0,0.0,machine
17/12/24 14:54:44,h5,camera-bottom,4,274.77,121.32,0.09,100.0,0,0,0,0,0,0,0,0.0,0.0,machine
17/12/24 14:58:29,h5,camera-bottom,4,275.38,119.28,0.15,100.0,0,0,0,0,0,0,0,0.0,0.0,machine
17/12/24 15:01:12,h5,camera-bottom,4,275.82,117.87,0.09,100.0,0,0,0,0,0,0,0,0.0,0.0,machine
17/12/24 15:04:24,h5,camera-bottom,4,276.23,116.19,0.15,100.0,0,0,0,0,0,0,0,0.0,0.0,machine
17/12/24 15:08:07,h5,camera-bottom,4,276.75,114.24,0.12,100.0,0,0,0,0,0,0,0,0.0,0.0,machine
17/12/24 15:15:40,h5,camera-bottom,4,277.7,110.29,0.08,100.0,0,0,0,0,0,0,0,0.0,0.0,machine
17/12/24 15:18:42,h5,camera-bottom,4,277.89,108.45,0.31,100.0,0,0,0,0,0,0,0,0.0,0.0,machine
17/12/24 15:21:40,h5,camera-bottom,4,278.22,107.22,0.11,100.0,0,0,0,0,0,0,0,0.0,0.0,machine
17/12/24 15:24:11,h5,camera-bottom,4,278.46,105.93,0.11,100.0,0,0,0,0,0,0,0,0.0,0.0,machine
17/12/24 15:26:13,h5,camera-bottom,4,278.56,104.85,0.06,100.0,0,0,0,0,0,0,0,0.0,0.0,machine
17/12/24 15:29:22,h5,camera-bottom,4,278.76,103.31,0.11,100.0,0,0,0,0,0,0,0,0.0,0.0,machine
17/12/24 15:31:49,h5,camera-bottom,4,278.87,102.07,0.09,100.0,0,0,0,0,0,0,0,0.0,0.0,machine
17/12/24 15:35:36,h5,camera-bottom,4,278.89,100.18,0.15,100.0,0,0,0,0,0,0,0,0.0,0.0,machine
17/12/24 15:38:06,h5,camera-bottom,4,279.08,98.79,0.26,100.0,0,0,0,0,0,0,0,0.0,0.0,machine
17/12/24 15:40:03,h5,camera-bottom,4,279.1,98.02,0.07,100.0,0,0,0,0,0,0,0,0.0,0.0,machine
17/12/24 15:42:28,h5,camera-bottom,4,279.11,96.58,0.37,100.0,0,0,0,0,0,0,0,0.0,0.0,machine
17/12/24 15:45:07,h5,camera-bottom,4,279.29,95.5,0.37,100.0,0,0,0,0,0,0,0,0.0,0.0,machine
17/12/24 15:48:03,h5,camera-bottom,4,279.14,93.93,0.2,100.0,0,0,0,0,0,0,0,0.0,0.0,machine
17/12/24 15:50:01,h5,camera-bottom,4,279.2,93.04,0.2,100.0,0,0,0,0,0,0,0,0.0,0.0,machine
17/12/24 15:52:14,h5,camera-bottom,4,279.04,91.92,0.2,100.0,0,0,0,0,0,0,0,0.0,0.0,machine
17/12/24 15:54:29,h5,camera-bottom,4,279.01,91.05,0.07,100.0,0,0,0,0,0,0,0,0.0,0.0,machine
17/12/24 15:57:43,h5,camera-bottom,4,278.78,89.41,0.09,100.0,0,0,0,0,0,0,0,0.0,0.0,machine
17/12/24 15:59:52,h5,camera-bottom,4,278.77,88.45,0.14,100.0,0,0,0,0,0,0,0,0.0,0.0,machine
17/12/24 16:01:43,h5,camera-bottom,4,278.7,87.7,2.11,100.0,0,0,0,0,0,0,0,0.0,0.0,machine
17/12/24 16:04:27,h5,camera-bottom,4,278.32,86.42,0.06,100.0,0,0,0,0,0,0,0,0.0,0.0,machine
18/12/24 08:32:06,h5,camera-bottom,4,85.88,264.41,0.08,100.0,0,0,0,0,0,0,0,0.0,0.0,machine
18/12/24 08:35:09,h5,camera-bottom,4,87.24,264.93,0.17,100.0,0,0,0,0,0,0,0,0.0,0.0,machine
18/12/24 08:38:16,h5,camera-bottom,4,88.92,264.91,0.19,100.0,0,0,0,0,0,0,0,0.0,0.0,machine
18/12/24 08:40:19,h5,camera-bottom,4,89.69,265.32,0.54,100.0,0,0,0,0,0,0,0,0.0,0.0,machine
18/12/24 08:46:52,h5,camera-bottom,4,93.17,265.54,0.27,100.0,0,0,0,0,0,0,0,0.0,0.0,machine
18/12/24 08:49:40,h5,camera-bottom,4,94.49,265.78,0.11,100.0,0,0,0,0,0,0,0,0.0,0.0,machine
18/12/24 08:55:16,h5,camera-bottom,4,97.22,265.94,0.09,100.0,0,0,0,0,0,0,0,0.0,0.0,machine
18/12/24 08:59:50,h5,camera-bottom,4,99.71,265.86,0.15,100.0,0,0,0,0,0,0,0,0.0,0.0,machine
18/12/24 09:03:41,h5,camera-bottom,4,101.51,265.84,0.37,100.0,0,0,0,0,0,0,0,0.0,0.0,machine
18/12/24 09:06:24,h5,camera-bottom,4,103.05,265.42,0.12,100.0,0,0,0,0,0,0,0,0.0,0.0,machine
18/12/24 09:11:46,h5,camera-bottom,4,105.76,265.48,0.42,100.0,0,0,0,0,0,0,0,0.0,0.0,machine
18/12/24 09:14:06,h5,camera-bottom,4,107.12,265.1,0.15,100.0,0,0,0,0,0,0,0,0.0,0.0,machine
18/12/24 09:19:03,h5,camera-bottom,4,109.56,265.06,0.15,100.0,0,0,0,0,0,0,0,0.0,0.0,machine
18/12/24 09:21:42,h5,camera-bottom,4,111.22,264.53,0.09,100.0,0,0,0,0,0,0,0,0.0,0.0,machine
18/12/24 09:25:03,h5,camera-bottom,4,112.88,264.44,0.51,100.0,0,0,0,0,0,0,0,0.0,0.0,machine
18/12/24 09:27:32,h5,camera-bottom,4,114.32,263.75,0.26,100.0,0,0,0,0,0,0,0,0.0,0.0,machine
18/12/24 09:31:09,h5,camera-bottom,4,116.26,263.38,0.17,100.0,0,0,0,0,0,0,0,0.0,0.0,machine
18/12/24 09:34:25,h5,camera-bottom,4,118.0,262.93,0.14,100.0,0,0,0,0,0,0,0,0.0,0.0,machine
18/12/24 09:37:16,h5,camera-bottom,4,119.27,262.85,0.08,100.0,0,0,0,0,0,0,0,0.0,0.0,machine
18/12/24 09:39:56,h5,camera-bottom,4,120.98,262.19,0.12,100.0,0,0,0,0,0,0,0,0.0,0.0,machine
18/12/24 09:51:55,h5,camera-bottom,4,127.52,260.24,0.09,100.0,0,0,0,0,0,0,0,0.0,0.0,machine
18/12/24 09:56:11,h5,camera-bottom,4,129.84,259.35,0.2,100.0,0,0,0,0,0,0,0,0.0,0.0,machine
18/12/24 09:59:03,h5,camera-bottom,4,131.42,258.74,0.2,100.0,0,0,0,0,0,0,0,0.0,0.0,machine
18/12/24 10:01:32,h5,camera-bottom,4,132.78,258.13,0.28,100.0,0,0,0,0,0,0,0,0.0,0.0,machine
18/12/24 10:03:07,h5,camera-bottom,4,133.71,257.87,0.2,100.0,0,0,0,0,0,0,0,0.0,0.0,machine
18/12/24 10:07:07,h5,camera-bottom,4,135.89,256.9,0.09,100.0,0,0,0,0,0,0,0,0.0,0.0,machine
18/12/24 10:09:10,h5,camera-bottom,4,137.0,256.38,0.28,100.0,0,0,0,0,0,0,0,0.0,0.0,machine
18/12/24 10:11:58,h5,camera-bottom,4,138.54,255.9,0.08,100.0,0,0,0,0,0,0,0,0.0,0.0,machine
18/12/24 10:14:32,h5,camera-bottom,4,140.01,255.17,0.23,100.0,0,0,0,0,0,0,0,0.0,0.0,machine
18/12/24 10:19:53,h5,camera-bottom,4,143.06,253.78,0.2,100.0,0,0,0,0,0,0,0,0.0,0.0,machine
18/12/24 10:25:01,h5,camera-bottom,4,145.96,252.3,0.11,100.0,0,0,0,0,0,0,0,0.0,0.0,machine
18/12/24 10:26:38,h5,camera-bottom,4,146.85,252.16,0.14,100.0,0,0,0,0,0,0,0,0.0,0.0,machine
18/12/24 10:29:00,h5,camera-bottom,4,148.19,251.2,0.09,100.0,0,0,0,0,0,0,0,0.0,0.0,machine
18/12/24 10:31:27,h5,camera-bottom,4,149.56,250.43,0.17,100.0,0,0,0,0,0,0,0,0.0,0.0,machine
18/12/24 10:34:24,h5,camera-bottom,4,151.13,249.53,0.17,100.0,0,0,0,0,0,0,0,0.0,0.0,machine
18/12/24 10:36:42,h5,camera-bottom,4,152.3,249.18,0.09,100.0,0,0,0,0,0,0,0,0.0,0.0,machine
18/12/24 10:39:15,h5,camera-bottom,4,153.92,248.16,0.11,100.0,0,0,0,0,0,0,0,0.0,0.0,machine
18/12/24 10:41:15,h5,camera-bottom,4,155.04,247.65,0.15,100.0,0,0,0,0,0,0,0,0.0,0.0,machine
18/12/24 10:44:22,h5,camera-bottom,4,156.79,246.42,0.09,100.0,0,0,0,0,0,0,0,0.0,0.0,machine
18/12/24 10:51:13,h5,camera-bottom,4,160.72,244.21,0.12,100.0,0,0,0,0,0,0,0,0.0,0.0,machine
18/12/24 10:58:03,h5,camera-bottom,4,164.2,241.78,0.09,100.0,0,0,0,0,0,0,0,0.0,0.0,machine
18/12/24 11:36:09,h5,camera-bottom,4,185.09,226.83,0.08,100.0,0,0,0,0,0,0,0,0.0,0.0,machine
18/12/24 11:40:12,h5,camera-bottom,4,187.47,224.6,0.09,100.0,0,0,0,0,0,0,0,0.0,0.0,machine
18/12/24 11:43:53,h5,camera-bottom,4,189.45,223.15,0.11,100.0,0,0,0,0,0,0,0,0.0,0.0,machine
20/12/24 13:45:47,h1,camera-bottom,0,202.53,176.33,0.07,100.0,0,0,0,0,0,0,0,0.0,0.0,machine
23/12/24 13:26:25,h5,camera-bottom,4,273.51,136.61,0.12,100.0,0,0,0,0,0,0,0,0.0,0.0,machine
23/12/24 13:28:00,h9,camera-bottom,8,174.55,7.42,0.28,100.0,0,0,0,0,0,0,0,0.0,0.0,machine
23/12/24 13:32:59,h5,camera-bottom,4,275.92,133.01,0.25,100.0,0,0,0,0,0,0,0,0.0,0.0,machine
23/12/24 13:34:45,h9,camera-bottom,8,177.45,3.62,0.22,100.0,0,0,0,0,0,0,0,0.0,0.0,machine
23/12/24 13:36:19,h5,camera-bottom,4,277.12,131.17,0.09,100.0,0,0,0,0,0,0,0,0.0,0.0,machine
23/12/24 13:37:52,h9,camera-bottom,8,178.62,1.5,0.14,100.0,0,0,0,0,0,0,0,0.0,0.0,machine
23/12/24 13:39:27,h5,camera-bottom,4,278.11,129.47,0.28,100.0,0,0,0,0,0,0,0,0.0,0.0,machine
23/12/24 13:41:38,h9,camera-bottom,8,180.19,0.0,0.12,100.0,0,0,0,0,0,0,0,0.0,0.0,machine
23/12/24 13:42:56,h5,camera-bottom,4,279.35,127.73,0.31,100.0,0,0,0,0,0,0,0,0.0,0.0,machine
23/12/24 13:45:28,h9,camera-bottom,8,181.76,0.0,0.15,100.0,0,0,0,0,0,0,0,0.0,0.0,machine
23/12/24 13:47:11,h5,camera-bottom,4,280.72,125.47,0.34,100.0,0,0,0,0,0,0,0,0.0,0.0,machine
23/12/24 13:48:33,h9,camera-bottom,8,182.99,0.0,0.14,100.0,0,0,0,0,0,0,0,0.0,0.0,machine
23/12/24 13:49:56,h5,camera-bottom,4,281.61,123.98,0.09,100.0,0,0,0,0,0,0,0,0.0,0.0,machine
23/12/24 13:51:08,h9,camera-bottom,8,183.87,0.0,0.28,100.0,0,0,0,0,0,0,0,0.0,0.0,machine
23/12/24 13:52:25,h5,camera-bottom,4,282.24,122.59,0.08,100.0,0,0,0,0,0,0,0,0.0,0.0,machine
23/12/24 13:54:07,h9,camera-bottom,8,185.11,0.0,0.12,100.0,0,0,0,0,0,0,0,0.0,0.0,machine
23/12/24 13:55:47,h5,camera-bottom,4,283.27,120.8,0.31,100.0,0,0,0,0,0,0,0,0.0,0.0,machine
23/12/24 14:27:06,h5,camera-bottom,4,291.2,104.33,0.23,100.0,0,0,0,0,0,0,0,0.0,0.0,machine
23/12/24 14:29:45,h9,camera-bottom,8,197.31,2.73,0.09,100.0,0,0,0,0,0,0,0,0.0,0.0,machine
23/12/24 14:34:04,h9,camera-bottom,8,198.61,10.39,0.25,100.0,0,0,0,0,0,0,0,0.0,0.0,machine
23/12/24 14:35:31,h5,camera-bottom,4,292.82,99.92,0.09,100.0,0,0,0,0,0,0,0,0.0,0.0,machine
23/12/24 14:36:58,h9,camera-bottom,8,199.27,8.46,0.08,100.0,0,0,0,0,0,0,0,0.0,0.0,machine
23/12/24 14:38:34,h5,camera-bottom,4,293.27,98.39,0.15,100.0,0,0,0,0,0,0,0,0.0,0.0,machine
23/12/24 14:39:50,h9,camera-bottom,8,200.1,6.71,0.08,100.0,0,0,0,0,0,0,0,0.0,0.0,machine
23/12/24 14:41:23,h5,camera-bottom,4,293.86,97.08,0.17,100.0,0,0,0,0,0,0,0,0.0,0.0,machine
23/12/24 14:42:49,h9,camera-bottom,8,200.93,5.12,0.25,100.0,0,0,0,0,0,0,0,0.0,0.0,machine
23/12/24 14:43:58,h5,camera-bottom,4,294.18,95.71,0.17,100.0,0,0,0,0,0,0,0,0.0,0.0,machine
23/12/24 15:15:38,h5,camera-bottom,4,50.74,26.05,0.62,100.0,0,0,0,0,0,0,0,0.0,0.0,machine
23/12/24 15:21:31,h9,camera-bottom,8,15.89,124.62,0.15,100.0,0,0,0,0,0,0,0,0.0,0.0,machine
23/12/24 15:22:58,h5,camera-bottom,4,51.08,22.48,0.2,100.0,0,0,0,0,0,0,0,0.0,0.0,machine
23/12/24 15:24:09,h9,camera-bottom,8,16.29,122.98,0.17,100.0,0,0,0,0,0,0,0,0.0,0.0,machine
23/12/24 15:25:36,h5,camera-bottom,4,50.9,21.17,0.22,100.0,0,0,0,0,0,0,0,0.0,0.0,machine
23/12/24 15:26:53,h9,camera-bottom,8,16.63,121.47,0.17,100.0,0,0,0,0,0,0,0,0.0,0.0,machine
23/12/24 15:28:17,h5,camera-bottom,4,50.96,19.96,0.08,100.0,0,0,0,0,0,0,0,0.0,0.0,machine
23/12/24 15:29:32,h9,camera-bottom,8,16.95,119.98,0.17,100.0,0,0,0,0,0,0,0,0.0,0.0,machine
23/12/24 15:30:39,h5,camera-bottom,4,50.83,18.77,0.09,100.0,0,0,0,0,0,0,0,0.0,0.0,machine
23/12/24 15:32:20,h9,camera-bottom,8,17.25,118.43,0.15,100.0,0,0,0,0,0,0,0,0.0,0.0,machine
23/12/24 15:33:29,h5,camera-bottom,4,50.68,17.44,0.54,100.0,0,0,0,0,0,0,0,0.0,0.0,machine
23/12/24 15:34:52,h9,camera-bottom,8,17.43,116.95,0.17,100.0,0,0,0,0,0,0,0,0.0,0.0,machine
23/12/24 15:36:20,h5,camera-bottom,4,50.73,16.13,0.12,100.0,0,0,0,0,0,0,0,0.0,0.0,machine
23/12/24 15:37:49,h9,camera-bottom,8,17.7,115.28,0.2,100.0,0,0,0,0,0,0,0,0.0,0.0,machine
23/12/24 15:39:07,h5,camera-bottom,4,50.53,14.96,0.45,100.0,0,0,0,0,0,0,0,0.0,0.0,machine
23/12/24 15:43:32,h9,camera-bottom,8,18.27,112.1,0.17,100.0,0,0,0,0,0,0,0,0.0,0.0,machine
23/12/24 15:46:28,h5,camera-bottom,4,66.82,11.83,0.26,100.0,0,0,0,0,0,0,0,0.0,0.0,machine
23/12/24 15:48:12,h9,camera-bottom,8,18.57,109.53,0.17,100.0,0,0,0,0,0,0,0,0.0,0.0,machine
23/12/24 15:50:54,h5,camera-bottom,4,66.37,9.74,0.79,100.0,0,0,0,0,0,0,0,0.0,0.0,machine
23/12/24 15:58:44,h9,camera-bottom,8,19.05,103.93,0.09,100.0,0,0,0,0,0,0,0,0.0,0.0,machine
25/12/24 15:21:04,h5,camera-bottom,4,185.94,8.85,1.35,100.0,0,0,0,0,0,0,0,0.0,0.0,machine
25/12/24 15:22:17,h5,camera-bottom,4,185.96,8.05,0.2,100.0,0,0,0,0,0,0,0,0.0,0.0,machine
25/12/24 15:34:42,h7,camera-bottom,6,164.5,8.18,0.17,100.0,0,0,0,0,0,0,0,0.0,0.0,machine
03/02/25 13:54:48,h1,camera-bottom,0,54.36,52.77,1.17,400.0,0,0,0,0,0,0,0,0.0,0.0,human
03/02/25 13:54:53,h1,camera-bottom,0,54.36,52.77,1.17,400.0,0,0,0,0,0,0,0,0.0,0.0,human
03/02/25 15:08:57,h1,camera-bottom,0,40.57,38.59,4.03,400.0,0,0,0,0,0,0,1,0.0,0.0,human
05/02/25 10:58:37,h1,camera-bottom,0,123.88,100.47,4.57,400.0,0,0,0,0,0,0,0,0.0,0.0,human
05/02/25 11:34:47,h1,camera-bottom,0,31.53,31.19,2.79,400.0,0,0,0,0,0,0,0,0.0,0.0,human
05/02/25 14:27:24,h1,camera-bottom,0,34.66,34.38,0.0,0.0,1,0,0,0,0,0,0,0.0,0.0,human
10/02/25 08:33:05,h6,camera-bottom,5,105.99,264.39,0.21,100.0,0,0,0,0,0,0,0,0.0,0.0,machine
10/02/25 08:40:03,h7,camera-bottom,6,78.73,294.96,0.23,100.0,0,0,0,0,0,0,0,0.0,0.0,machine
10/02/25 08:50:11,h6,camera-bottom,5,117.76,266.94,0.12,100.0,0,0,0,0,0,0,0,0.0,0.0,machine
10/02/25 09:00:09,h7,camera-bottom,6,90.46,296.32,0.09,100.0,0,0,0,0,0,0,0,0.0,0.0,machine
10/02/25 09:06:51,h6,camera-bottom,5,128.29,266.9,0.09,100.0,0,0,0,0,0,0,0,0.0,0.0,machine
10/02/25 09:15:41,h7,camera-bottom,6,99.52,296.13,0.15,100.0,0,0,0,0,0,0,0,0.0,0.0,machine
10/02/25 09:21:06,h6,camera-bottom,5,137.16,266.36,0.08,100.0,0,0,0,0,0,0,0,0.0,0.0,machine
10/02/25 09:30:55,h6,camera-bottom,5,143.68,264.96,0.09,100.0,0,0,0,0,0,0,0,0.0,0.0,machine
10/02/25 09:35:01,h7,camera-bottom,6,111.63,294.26,0.11,100.0,0,0,0,0,0,0,0,0.0,0.0,machine
10/02/25 09:39:08,h6,camera-bottom,5,149.09,263.72,0.17,100.0,0,0,0,0,0,0,0,0.0,0.0,machine
10/02/25 09:43:53,h7,camera-bottom,6,117.18,292.63,0.08,100.0,0,0,0,0,0,0,0,0.0,0.0,machine
10/02/25 09:50:08,h7,camera-bottom,6,121.26,291.66,0.17,100.0,0,0,0,0,0,0,0,0.0,0.0,machine
10/02/25 09:53:06,h6,camera-bottom,5,158.58,261.07,0.2,100.0,0,0,0,0,0,0,0,0.0,0.0,machine
10/02/25 09:55:14,h7,camera-bottom,6,124.36,290.76,0.11,100.0,0,0,0,0,0,0,0,0.0,0.0,machine
10/02/25 09:57:17,h6,camera-bottom,5,161.42,260.67,0.09,100.0,0,0,0,0,0,0,0,0.0,0.0,machine
10/02/25 09:59:30,h7,camera-bottom,6,127.11,289.87,0.35,100.0,0,0,0,0,0,0,0,0.0,0.0,machine
10/02/25 10:03:30,h6,camera-bottom,5,165.63,258.95,0.12,100.0,0,0,0,0,0,0,0,0.0,0.0,machine
10/02/25 10:06:20,h7,camera-bottom,6,131.49,288.14,0.22,100.0,0,0,0,0,0,0,0,0.0,0.0,machine
10/02/25 10:10:11,h6,camera-bottom,5,170.16,257.18,0.15,100.0,0,0,0,0,0,0,0,0.0,0.0,machine
10/02/25 10:13:53,h7,camera-bottom,6,136.12,286.36,0.08,100.0,0,0,0,0,0,0,0,0.0,0.0,machine
10/02/25 10:13:59,h7,camera-bottom,6,136.12,286.36,0.08,100.0,0,0,0,0,0,0,0,0.0,0.0,machine
10/02/25 10:17:17,h6,camera-bottom,5,175.01,255.53,0.15,100.0,0,0,0,0,0,0,0,0.0,0.0,machine
10/02/25 10:21:28,h7,camera-bottom,6,141.39,284.23,0.15,100.0,0,0,0,0,0,0,0,0.0,0.0,machine
10/02/25 10:26:12,h6,camera-bottom,5,181.19,252.86,0.08,100.0,0,0,0,0,0,0,0,0.0,0.0,machine
10/02/25 10:31:23,h6,camera-bottom,5,184.63,251.29,0.14,100.0,0,0,0,0,0,0,0,0.0,0.0,machine
10/02/25 10:35:49,h7,camera-bottom,6,150.59,279.42,0.14,100.0,0,0,0,0,0,0,0,0.0,0.0,machine
10/02/25 10:40:50,h6,camera-bottom,5,191.0,248.2,0.11,100.0,0,0,0,0,0,0,0,0.0,0.0,machine
10/02/25 10:45:45,h7,camera-bottom,6,156.96,275.8,0.09,100.0,0,0,0,0,0,0,0,0.0,0.0,machine
10/02/25 10:52:13,h6,camera-bottom,5,199.2,244.02,0.14,100.0,0,0,0,0,0,0,0,0.0,0.0,machine
10/02/25 10:55:01,h7,camera-bottom,6,163.27,272.26,0.12,100.0,0,0,0,0,0,0,0,0.0,0.0,machine
10/02/25 10:59:00,h6,camera-bottom,5,203.88,241.33,0.09,100.0,0,0,0,0,0,0,0,0.0,0.0,machine
10/02/25 11:02:59,h7,camera-bottom,6,168.27,269.07,0.12,100.0,0,0,0,0,0,0,0,0.0,0.0,machine
10/02/25 11:06:13,h6,camera-bottom,5,208.68,238.24,0.09,100.0,0,0,0,0,0,0,0,0.0,0.0,machine
10/02/25 11:16:33,h6,camera-bottom,5,215.67,233.94,0.12,100.0,0,0,0,0,0,0,0,0.0,0.0,machine
10/02/25 11:24:33,h6,camera-bottom,5,221.03,230.74,0.17,100.0,0,0,0,0,0,0,0,0.0,0.0,machine
10/02/25 11:27:35,h7,camera-bottom,6,183.66,258.14,0.17,100.0,0,0,0,0,0,0,0,0.0,0.0,machine
10/02/25 11:37:40,h7,camera-bottom,6,190.18,253.52,0.07,100.0,0,0,0,0,0,0,0,0.0,0.0,machine
10/02/25 11:46:00,h6,camera-bottom,5,235.5,220.28,0.15,100.0,0,0,0,0,0,0,0,0.0,0.0,machine
10/02/25 11:53:10,h7,camera-bottom,6,199.59,245.84,0.12,100.0,0,0,0,0,0,0,0,0.0,0.0,machine
10/02/25 11:59:18,h6,camera-bottom,5,244.17,214.04,0.11,100.0,0,0,0,0,0,0,0,0.0,0.0,machine
10/02/25 12:07:51,h7,camera-bottom,6,209.32,237.27,0.14,100.0,0,0,0,0,0,0,0,0.0,0.0,machine
10/02/25 12:13:27,h6,camera-bottom,5,253.19,206.54,0.08,100.0,0,0,0,0,0,0,0,0.0,0.0,machine
10/02/25 12:21:45,h7,camera-bottom,6,217.65,230.0,0.11,100.0,0,0,0,0,0,0,0,0.0,0.0,machine
10/02/25 12:26:04,h6,camera-bottom,5,261.21,200.01,0.15,100.0,0,0,0,0,0,0,0,0.0,0.0,machine
10/02/25 12:31:17,h7,camera-bottom,6,223.37,224.68,0.08,100.0,0,0,0,0,0,0,0,0.0,0.0,machine
10/02/25 12:34:54,h6,camera-bottom,5,266.73,162.62,0.11,100.0,0,0,0,0,0,0,0,0.0,0.0,machine
10/02/25 12:38:18,h7,camera-bottom,6,227.26,220.78,0.12,100.0,0,0,0,0,0,0,0,0.0,0.0,machine
10/02/25 12:41:58,h6,camera-bottom,5,270.79,158.3,0.09,100.0,0,0,0,0,0,0,0,0.0,0.0,machine
10/02/25 12:44:58,h7,camera-bottom,6,231.2,216.98,0.14,100.0,0,0,0,0,0,0,0,0.0,0.0,machine
10/02/25 12:48:21,h6,camera-bottom,5,274.61,154.84,0.09,100.0,0,0,0,0,0,0,0,0.0,0.0,machine
10/02/25 12:52:59,h7,camera-bottom,6,235.65,212.2,0.14,100.0,0,0,0,0,0,0,0,0.0,0.0,machine
10/02/25 12:57:28,h6,camera-bottom,5,280.09,149.94,0.08,100.0,0,0,0,0,0,0,0,0.0,0.0,machine
10/02/25 13:01:04,h7,camera-bottom,6,240.12,207.45,0.08,100.0,0,0,0,0,0,0,0,0.0,0.0,machine
10/02/25 13:09:46,h6,camera-bottom,5,287.04,143.36,0.11,100.0,0,0,0,0,0,0,0,0.0,0.0,machine
10/02/25 13:14:01,h7,camera-bottom,6,246.91,199.96,0.09,100.0,0,0,0,0,0,0,0,0.0,0.0,machine
10/02/25 13:18:22,h6,camera-bottom,5,291.81,138.05,0.15,100.0,0,0,0,0,0,0,0,0.0,0.0,machine
10/02/25 13:21:37,h7,camera-bottom,6,250.4,195.05,0.09,100.0,0,0,0,0,0,0,0,0.0,0.0,machine
10/02/25 13:34:34,h6,camera-bottom,5,300.57,128.63,0.12,100.0,0,0,0,0,0,0,0,0.0,0.0,machine
10/02/25 13:40:29,h7,camera-bottom,6,260.06,183.51,0.28,100.0,0,0,0,0,0,0,0,0.0,0.0,machine
10/02/25 13:49:05,h6,camera-bottom,5,307.73,120.36,0.14,100.0,0,0,0,0,0,0,0,0.0,0.0,machine
10/02/25 14:01:41,h7,camera-bottom,6,269.75,170.55,0.12,100.0,0,0,0,0,0,0,0,0.0,0.0,machine
10/02/25 14:10:20,h6,camera-bottom,5,317.03,107.46,0.17,100.0,0,0,0,0,0,0,0,0.0,0.0,machine
10/02/25 14:14:07,h7,camera-bottom,6,275.18,163.06,0.08,100.0,0,0,0,0,0,0,0,0.0,0.0,machine
10/02/25 14:18:55,h6,camera-bottom,5,320.7,102.51,0.14,100.0,0,0,0,0,0,0,0,0.0,0.0,machine
10/02/25 14:23:06,h7,camera-bottom,6,278.56,156.96,0.17,100.0,0,0,0,0,0,0,0,0.0,0.0,machine
10/02/25 14:31:41,h6,camera-bottom,5,325.57,94.67,0.09,100.0,0,0,0,0,0,0,0,0.0,0.0,machine
10/02/25 14:38:45,h7,camera-bottom,6,284.26,147.29,0.11,100.0,0,0,0,0,0,0,0,0.0,0.0,machine
10/02/25 14:41:36,h6,camera-bottom,5,328.94,88.86,0.23,100.0,0,0,0,0,0,0,0,0.0,0.0,machine
10/02/25 14:44:14,h7,camera-bottom,6,286.01,143.84,0.07,100.0,0,0,0,0,0,0,0,0.0,0.0,machine
10/02/25 14:48:44,h6,camera-bottom,5,331.2,84.49,0.15,100.0,0,0,0,0,0,0,0,0.0,0.0,machine
10/02/25 14:52:20,h7,camera-bottom,6,289.0,139.05,0.09,100.0,0,0,0,0,0,0,0,0.0,0.0,machine
10/02/25 14:58:34,h6,camera-bottom,5,334.3,78.84,0.08,100.0,0,0,0,0,0,0,0,0.0,0.0,machine
10/02/25 15:02:27,h7,camera-bottom,6,291.55,132.91,0.11,100.0,0,0,0,0,0,0,0,0.0,0.0,machine
10/02/25 15:07:20,h6,camera-bottom,5,336.53,73.88,0.14,100.0,0,0,0,0,0,0,0,0.0,0.0,machine
10/02/25 15:10:53,h7,camera-bottom,6,293.59,127.6,0.08,100.0,0,0,0,0,0,0,0,0.0,0.0,machine
10/02/25 15:15:08,h6,camera-bottom,5,338.28,69.2,0.14,100.0,0,0,0,0,0,0,0,0.0,0.0,machine
10/02/25 15:21:08,h7,camera-bottom,6,295.97,121.11,0.08,100.0,0,0,0,0,0,0,0,0.0,0.0,machine
10/02/25 15:29:50,h6,camera-bottom,5,340.7,60.58,0.22,100.0,0,0,0,0,0,0,0,0.0,0.0,machine
10/02/25 15:40:15,h7,camera-bottom,6,298.71,109.07,0.15,100.0,0,0,0,0,0,0,0,0.0,0.0,machine
10/02/25 15:45:49,h6,camera-bottom,5,342.84,51.78,0.2,100.0,0,0,0,0,0,0,0,0.0,0.0,machine
10/02/25 15:51:21,h7,camera-bottom,6,300.05,102.62,0.15,100.0,0,0,0,0,0,0,0,0.0,0.0,machine
10/02/25 15:57:08,h6,camera-bottom,5,344.14,45.55,0.34,100.0,0,0,0,0,0,0,0,0.0,0.0,machine
10/02/25 16:02:14,h7,camera-bottom,6,301.28,96.61,0.17,100.0,0,0,0,0,0,0,0,0.0,0.0,machine
10/02/25 16:06:11,h6,camera-bottom,5,344.2,40.37,0.12,100.0,0,0,0,0,0,0,0,0.0,0.0,machine
10/02/25 16:09:06,h7,camera-bottom,6,301.23,92.35,0.09,100.0,0,0,0,0,0,0,0,0.0,0.0,machine
11/02/25 08:26:57,h6,camera-bottom,5,104.82,271.08,0.09,100.0,0,0,0,0,0,0,0,0.0,0.0,machine
11/02/25 08:32:06,h7,camera-bottom,6,74.78,295.23,0.11,100.0,0,0,0,0,0,0,0,0.0,0.0,machine
11/02/25 08:35:47,h6,camera-bottom,5,109.93,271.94,0.08,100.0,0,0,0,0,0,0,0,0.0,0.0,machine
11/02/25 08:39:46,h7,camera-bottom,6,79.51,296.22,0.08,100.0,0,0,0,0,0,0,0,0.0,0.0,machine
11/02/25 08:42:50,h6,camera-bottom,5,114.09,272.7,0.2,100.0,0,0,0,0,0,0,0,0.0,0.0,machine
11/02/25 08:45:28,h7,camera-bottom,6,82.6,296.64,0.09,100.0,0,0,0,0,0,0,0,0.0,0.0,machine
11/02/25 08:49:21,h6,camera-bottom,5,118.0,272.99,0.11,100.0,0,0,0,0,0,0,0,0.0,0.0,machine
11/02/25 08:52:52,h7,camera-bottom,6,86.93,297.43,0.2,100.0,0,0,0,0,0,0,0,0.0,0.0,machine
11/02/25 08:56:12,h6,camera-bottom,5,122.1,273.24,0.11,100.0,0,0,0,0,0,0,0,0.0,0.0,machine
11/02/25 08:59:39,h7,camera-bottom,6,90.94,297.55,0.08,100.0,0,0,0,0,0,0,0,0.0,0.0,machine
11/02/25 09:02:54,h6,camera-bottom,5,126.32,273.57,0.09,100.0,0,0,0,0,0,0,0,0.0,0.0,machine
11/02/25 09:07:06,h7,camera-bottom,6,95.26,297.56,0.17,100.0,0,0,0,0,0,0,0,0.0,0.0,machine
11/02/25 09:10:45,h6,camera-bottom,5,131.03,273.02,0.12,100.0,0,0,0,0,0,0,0,0.0,0.0,machine
11/02/25 09:13:40,h7,camera-bottom,6,99.52,297.35,0.2,100.0,0,0,0,0,0,0,0,0.0,0.0,machine
11/02/25 09:19:46,h6,camera-bottom,5,136.94,272.42,0.09,100.0,0,0,0,0,0,0,0,0.0,0.0,machine
11/02/25 09:23:16,h7,camera-bottom,6,105.15,296.59,0.26,100.0,0,0,0,0,0,0,0,0.0,0.0,machine
11/02/25 09:27:09,h6,camera-bottom,5,142.06,271.69,0.09,100.0,0,0,0,0,0,0,0,0.0,0.0,machine
11/02/25 09:30:23,h7,camera-bottom,6,109.9,295.89,0.07,100.0,0,0,0,0,0,0,0,0.0,0.0,machine
11/02/25 09:32:56,h6,camera-bottom,5,145.58,270.83,0.22,100.0,0,0,0,0,0,0,0,0.0,0.0,machine
11/02/25 09:35:57,h7,camera-bottom,6,113.27,294.98,0.32,100.0,0,0,0,0,0,0,0,0.0,0.0,machine
11/02/25 09:38:53,h6,camera-bottom,5,149.56,269.88,0.11,100.0,0,0,0,0,0,0,0,0.0,0.0,machine
11/02/25 09:41:41,h7,camera-bottom,6,116.91,293.88,0.14,100.0,0,0,0,0,0,0,0,0.0,0.0,machine
11/02/25 09:44:54,h6,camera-bottom,5,153.57,268.79,0.2,100.0,0,0,0,0,0,0,0,0.0,0.0,machine
11/02/25 09:47:53,h7,camera-bottom,6,120.8,293.13,0.09,100.0,0,0,0,0,0,0,0,0.0,0.0,machine
11/02/25 09:50:44,h6,camera-bottom,5,157.82,268.03,0.06,100.0,0,0,0,0,0,0,0,0.0,0.0,machine
11/02/25 09:54:25,h7,camera-bottom,6,125.01,291.9,0.11,100.0,0,0,0,0,0,0,0,0.0,0.0,machine
11/02/25 09:57:29,h6,camera-bottom,5,162.41,266.45,0.09,100.0,0,0,0,0,0,0,0,0.0,0.0,machine
11/02/25 10:03:59,h7,camera-bottom,6,131.42,289.78,0.15,100.0,0,0,0,0,0,0,0,0.0,0.0,machine
11/02/25 10:09:05,h6,camera-bottom,5,170.47,263.5,0.12,100.0,0,0,0,0,0,0,0,0.0,0.0,machine
11/02/25 10:12:38,h7,camera-bottom,6,137.11,287.32,0.23,100.0,0,0,0,0,0,0,0,0.0,0.0,machine
11/02/25 10:15:18,h6,camera-bottom,5,174.78,261.72,0.08,100.0,0,0,0,0,0,0,0,0.0,0.0,machine
11/02/25 10:17:40,h7,camera-bottom,6,140.34,286.42,0.06,100.0,0,0,0,0,0,0,0,0.0,0.0,machine
11/02/25 10:20:17,h6,camera-bottom,5,178.15,260.33,0.2,100.0,0,0,0,0,0,0,0,0.0,0.0,machine
11/02/25 10:22:50,h7,camera-bottom,6,143.48,284.7,0.09,100.0,0,0,0,0,0,0,0,0.0,0.0,machine
11/02/25 10:26:52,h6,camera-bottom,5,182.71,258.51,0.09,100.0,0,0,0,0,0,0,0,0.0,0.0,machine
11/02/25 10:30:19,h7,camera-bottom,6,148.36,282.25,0.17,100.0,0,0,0,0,0,0,0,0.0,0.0,machine
11/02/25 10:33:07,h6,camera-bottom,5,186.6,256.22,0.08,100.0,0,0,0,0,0,0,0,0.0,0.0,machine
11/02/25 10:36:35,h7,camera-bottom,6,152.41,280.17,0.26,100.0,0,0,0,0,0,0,0,0.0,0.0,machine
11/02/25 10:39:24,h6,camera-bottom,5,191.28,254.39,0.17,100.0,0,0,0,0,0,0,0,0.0,0.0,machine
11/02/25 10:41:54,h7,camera-bottom,6,155.93,278.21,0.16,100.0,0,0,0,0,0,0,0,0.0,0.0,machine
11/02/25 10:46:06,h6,camera-bottom,5,195.9,251.99,0.14,100.0,0,0,0,0,0,0,0,0.0,0.0,machine
11/02/25 10:48:41,h7,camera-bottom,6,160.09,275.76,0.09,100.0,0,0,0,0,0,0,0,0.0,0.0,machine
11/02/25 10:50:47,h6,camera-bottom,5,198.86,250.18,0.19,100.0,0,0,0,0,0,0,0,0.0,0.0,machine
11/02/25 10:53:28,h7,camera-bottom,6,163.2,273.61,0.06,100.0,0,0,0,0,0,0,0,0.0,0.0,machine
11/02/25 10:55:17,h6,camera-bottom,5,203.8,247.63,0.08,100.0,0,0,0,0,0,0,0,0.0,0.0,machine
11/02/25 10:55:22,h6,camera-bottom,5,203.8,247.63,0.08,100.0,0,0,0,0,0,0,0,0.0,0.0,machine
11/02/25 10:55:59,h6,camera-bottom,5,202.29,248.32,0.09,100.0,0,0,0,0,0,0,0,0.0,0.0,machine
11/02/25 10:58:42,h7,camera-bottom,6,166.79,271.7,0.17,100.0,0,0,0,0,0,0,0,0.0,0.0,machine
11/02/25 11:01:47,h6,camera-bottom,5,206.34,246.13,0.09,100.0,0,0,0,0,0,0,0,0.0,0.0,machine
11/02/25 11:05:01,h7,camera-bottom,6,170.84,269.31,0.08,100.0,0,0,0,0,0,0,0,0.0,0.0,machine
11/02/25 11:08:13,h6,camera-bottom,5,210.85,243.39,0.09,100.0,0,0,0,0,0,0,0,0.0,0.0,machine
11/02/25 11:11:41,h7,camera-bottom,6,175.03,266.21,0.11,100.0,0,0,0,0,0,0,0,0.0,0.0,machine
11/02/25 11:14:22,h6,camera-bottom,5,215.21,240.8,0.12,100.0,0,0,0,0,0,0,0,0.0,0.0,machine
11/02/25 11:16:41,h7,camera-bottom,6,177.98,264.08,0.15,100.0,0,0,0,0,0,0,0,0.0,0.0,machine
11/02/25 11:19:10,h6,camera-bottom,5,218.51,238.78,0.09,100.0,0,0,0,0,0,0,0,0.0,0.0,machine
11/02/25 11:21:28,h7,camera-bottom,6,181.39,262.23,0.15,100.0,0,0,0,0,0,0,0,0.0,0.0,machine
11/02/25 11:24:19,h6,camera-bottom,5,221.8,236.32,0.08,100.0,0,0,0,0,0,0,0,0.0,0.0,machine
11/02/25 11:26:40,h7,camera-bottom,6,184.21,259.51,0.17,100.0,0,0,0,0,0,0,0,0.0,0.0,machine
11/02/25 11:33:49,h7,camera-bottom,6,189.08,256.15,0.08,100.0,0,0,0,0,0,0,0,0.0,0.0,machine
11/02/25 11:43:14,h6,camera-bottom,5,234.65,227.53,0.17,100.0,0,0,0,0,0,0,0,0.0,0.0,machine
11/02/25 11:46:04,h7,camera-bottom,6,196.59,250.29,0.11,100.0,0,0,0,0,0,0,0,0.0,0.0,machine
11/02/25 11:50:55,h6,camera-bottom,5,239.76,223.71,0.12,100.0,0,0,0,0,0,0,0,0.0,0.0,machine
11/02/25 11:52:36,h6,camera-bottom,5,240.82,222.8,0.08,100.0,0,0,0,0,0,0,0,0.0,0.0,machine
11/02/25 11:56:00,h7,camera-bottom,6,202.56,245.09,0.08,100.0,0,0,0,0,0,0,0,0.0,0.0,machine
11/02/25 11:58:41,h6,camera-bottom,5,244.69,219.86,0.15,100.0,0,0,0,0,0,0,0,0.0,0.0,machine
11/02/25 12:17:20,h7,camera-bottom,6,216.13,233.89,0.17,100.0,0,0,0,0,0,0,0,0.0,0.0,machine
11/02/25 12:19:43,h6,camera-bottom,5,258.38,208.95,0.15,100.0,0,0,0,0,0,0,0,0.0,0.0,machine
11/02/25 12:23:04,h7,camera-bottom,6,219.61,230.56,0.17,100.0,0,0,0,0,0,0,0,0.0,0.0,machine
11/02/25 12:25:28,h6,camera-bottom,5,261.87,206.2,0.08,100.0,0,0,0,0,0,0,0,0.0,0.0,machine
11/02/25 12:28:05,h7,camera-bottom,6,222.35,227.5,0.19,100.0,0,0,0,0,0,0,0,0.0,0.0,machine
11/02/25 12:30:17,h6,camera-bottom,5,264.84,203.32,0.08,100.0,0,0,0,0,0,0,0,0.0,0.0,machine
11/02/25 12:33:28,h7,camera-bottom,6,225.74,225.03,0.19,100.0,0,0,0,0,0,0,0,0.0,0.0,machine
11/02/25 12:35:36,h6,camera-bottom,5,268.11,200.57,0.2,100.0,0,0,0,0,0,0,0,0.0,0.0,machine
11/02/25 12:38:13,h7,camera-bottom,6,228.49,222.19,0.11,100.0,0,0,0,0,0,0,0,0.0,0.0,machine
11/02/25 12:41:07,h6,camera-bottom,5,271.41,197.49,0.08,100.0,0,0,0,0,0,0,0,0.0,0.0,machine
11/02/25 12:44:40,h7,camera-bottom,6,231.81,218.31,0.08,100.0,0,0,0,0,0,0,0,0.0,0.0,machine
11/02/25 12:47:22,h6,camera-bottom,5,275.23,194.01,0.15,100.0,0,0,0,0,0,0,0,0.0,0.0,machine
11/02/25 12:50:29,h7,camera-bottom,6,235.0,214.98,0.09,100.0,0,0,0,0,0,0,0,0.0,0.0,machine
11/02/25 12:54:26,h6,camera-bottom,5,279.09,189.92,0.09,100.0,0,0,0,0,0,0,0,0.0,0.0,machine
11/02/25 12:59:43,h7,camera-bottom,6,240.3,209.12,0.12,100.0,0,0,0,0,0,0,0,0.0,0.0,machine
11/02/25 13:02:55,h6,camera-bottom,5,284.41,185.44,0.08,100.0,0,0,0,0,0,0,0,0.0,0.0,machine
11/02/25 13:06:08,h7,camera-bottom,6,243.89,205.3,0.15,100.0,0,0,0,0,0,0,0,0.0,0.0,machine
11/02/25 13:09:17,h6,camera-bottom,5,287.69,181.29,0.15,100.0,0,0,0,0,0,0,0,0.0,0.0,machine
11/02/25 13:12:21,h7,camera-bottom,6,247.18,201.53,0.11,100.0,0,0,0,0,0,0,0,0.0,0.0,machine
11/02/25 13:19:09,h7,camera-bottom,6,251.17,197.55,0.11,100.0,0,0,0,0,0,0,0,0.0,0.0,machine
11/02/25 13:22:14,h6,camera-bottom,5,295.03,174.41,0.17,100.0,0,0,0,0,0,0,0,0.0,0.0,machine
11/02/25 13:24:32,h7,camera-bottom,6,253.44,194.06,0.12,100.0,0,0,0,0,0,0,0,0.0,0.0,machine
11/02/25 13:27:36,h6,camera-bottom,5,297.74,171.06,0.09,100.0,0,0,0,0,0,0,0,0.0,0.0,machine
11/02/25 13:31:00,h7,camera-bottom,6,256.7,190.32,0.06,100.0,0,0,0,0,0,0,0,0.0,0.0,machine
11/02/25 13:40:33,h6,camera-bottom,5,304.3,163.55,0.17,100.0,0,0,0,0,0,0,0,0.0,0.0,machine
11/02/25 13:42:51,h7,camera-bottom,6,262.97,182.98,0.11,100.0,0,0,0,0,0,0,0,0.0,0.0,machine
11/02/25 13:48:04,h6,camera-bottom,5,308.18,158.93,0.12,100.0,0,0,0,0,0,0,0,0.0,0.0,machine
11/02/25 13:50:55,h7,camera-bottom,6,266.36,177.96,0.08,100.0,0,0,0,0,0,0,0,0.0,0.0,machine
11/02/25 13:54:14,h6,camera-bottom,5,310.88,155.26,0.09,100.0,0,0,0,0,0,0,0,0.0,0.0,machine
11/02/25 13:56:58,h7,camera-bottom,6,268.96,173.81,0.26,100.0,0,0,0,0,0,0,0,0.0,0.0,machine
11/02/25 13:59:29,h6,camera-bottom,5,313.34,152.44,0.11,100.0,0,0,0,0,0,0,0,0.0,0.0,machine
11/02/25 14:02:21,h7,camera-bottom,6,271.3,170.49,0.12,100.0,0,0,0,0,0,0,0,0.0,0.0,machine
11/02/25 14:05:50,h6,camera-bottom,5,316.01,148.34,0.09,100.0,0,0,0,0,0,0,0,0.0,0.0,machine
11/02/25 14:08:39,h7,camera-bottom,6,274.3,166.73,0.15,100.0,0,0,0,0,0,0,0,0.0,0.0,machine
11/02/25 14:11:30,h6,camera-bottom,5,318.52,145.16,0.08,100.0,0,0,0,0,0,0,0,0.0,0.0,machine
11/02/25 14:14:11,h7,camera-bottom,6,276.42,163.36,0.08,100.0,0,0,0,0,0,0,0,0.0,0.0,machine
11/02/25 14:18:32,h6,camera-bottom,5,321.43,140.99,0.12,100.0,0,0,0,0,0,0,0,0.0,0.0,machine
11/02/25 14:21:30,h7,camera-bottom,6,279.63,158.51,0.17,100.0,0,0,0,0,0,0,0,0.0,0.0,machine
11/02/25 14:24:13,h6,camera-bottom,5,323.96,137.66,0.15,100.0,0,0,0,0,0,0,0,0.0,0.0,machine
11/02/25 14:27:26,h7,camera-bottom,6,281.62,155.0,0.12,100.0,0,0,0,0,0,0,0,0.0,0.0,machine
11/02/25 14:30:31,h6,camera-bottom,5,326.29,133.76,0.11,100.0,0,0,0,0,0,0,0,0.0,0.0,machine
11/02/25 14:33:37,h7,camera-bottom,6,284.23,151.0,0.12,100.0,0,0,0,0,0,0,0,0.0,0.0,machine
11/02/25 14:38:07,h6,camera-bottom,5,328.92,129.33,0.28,100.0,0,0,0,0,0,0,0,0.0,0.0,machine
11/02/25 14:40:40,h7,camera-bottom,6,286.69,146.7,0.11,100.0,0,0,0,0,0,0,0,0.0,0.0,machine
11/02/25 14:44:16,h6,camera-bottom,5,330.77,125.74,0.09,100.0,0,0,0,0,0,0,0,0.0,0.0,machine
11/02/25 14:46:43,h7,camera-bottom,6,288.56,142.74,0.15,100.0,0,0,0,0,0,0,0,0.0,0.0,machine
11/02/25 14:49:49,h6,camera-bottom,5,332.73,122.45,0.28,100.0,0,0,0,0,0,0,0,0.0,0.0,machine
11/02/25 14:52:32,h7,camera-bottom,6,290.61,139.09,0.14,100.0,0,0,0,0,0,0,0,0.0,0.0,machine
11/02/25 14:55:31,h6,camera-bottom,5,334.23,118.96,0.09,100.0,0,0,0,0,0,0,0,0.0,0.0,machine
11/02/25 14:58:10,h7,camera-bottom,6,291.96,135.47,0.28,100.0,0,0,0,0,0,0,0,0.0,0.0,machine
11/02/25 15:01:37,h6,camera-bottom,5,335.94,115.4,0.06,100.0,0,0,0,0,0,0,0,0.0,0.0,machine
11/02/25 15:04:05,h7,camera-bottom,6,293.56,131.79,0.31,100.0,0,0,0,0,0,0,0,0.0,0.0,machine
11/02/25 15:06:45,h6,camera-bottom,5,337.61,112.5,0.09,100.0,0,0,0,0,0,0,0,0.0,0.0,machine
11/02/25 15:09:15,h7,camera-bottom,6,294.91,128.36,0.11,100.0,0,0,0,0,0,0,0,0.0,0.0,machine
11/02/25 15:11:32,h6,camera-bottom,5,338.88,109.92,0.22,100.0,0,0,0,0,0,0,0,0.0,0.0,machine
11/02/25 15:13:41,h7,camera-bottom,6,295.89,125.77,0.09,100.0,0,0,0,0,0,0,0,0.0,0.0,machine
11/02/25 15:17:29,h6,camera-bottom,5,340.07,106.22,0.22,100.0,0,0,0,0,0,0,0,0.0,0.0,machine
11/02/25 15:20:53,h7,camera-bottom,6,297.16,121.28,0.12,100.0,0,0,0,0,0,0,0,0.0,0.0,machine
11/02/25 15:24:00,h6,camera-bottom,5,341.27,102.27,0.31,100.0,0,0,0,0,0,0,0,0.0,0.0,machine
11/02/25 15:27:08,h7,camera-bottom,6,298.48,117.54,0.23,100.0,0,0,0,0,0,0,0,0.0,0.0,machine
11/02/25 15:29:43,h6,camera-bottom,5,342.35,98.79,0.17,100.0,0,0,0,0,0,0,0,0.0,0.0,machine
11/02/25 15:32:56,h7,camera-bottom,6,299.65,113.8,0.12,100.0,0,0,0,0,0,0,0,0.0,0.0,machine
11/02/25 15:35:17,h6,camera-bottom,5,343.25,95.71,0.23,100.0,0,0,0,0,0,0,0,0.0,0.0,machine
11/02/25 15:37:37,h7,camera-bottom,6,300.01,110.89,0.12,100.0,0,0,0,0,0,0,0,0.0,0.0,machine
11/02/25 15:39:52,h6,camera-bottom,5,343.87,92.96,0.12,100.0,0,0,0,0,0,0,0,0.0,0.0,machine
11/02/25 15:42:19,h7,camera-bottom,6,300.72,107.85,0.17,100.0,0,0,0,0,0,0,0,0.0,0.0,machine
11/02/25 15:45:02,h6,camera-bottom,5,344.21,89.95,0.17,100.0,0,0,0,0,0,0,0,0.0,0.0,machine
11/02/25 15:47:45,h7,camera-bottom,6,301.45,104.73,0.31,100.0,0,0,0,0,0,0,0,0.0,0.0,machine
11/02/25 15:50:14,h6,camera-bottom,5,344.89,87.18,0.21,100.0,0,0,0,0,0,0,0,0.0,0.0,machine
11/02/25 15:52:31,h7,camera-bottom,6,302.23,101.74,0.7,100.0,0,0,0,0,0,0,0,0.0,0.0,machine
11/02/25 15:55:04,h6,camera-bottom,5,391.43,84.27,0.12,100.0,0,0,0,0,0,0,0,0.0,0.0,machine
11/02/25 16:00:46,h7,camera-bottom,6,302.82,96.66,0.23,100.0,0,0,0,0,0,0,0,0.0,0.0,machine
11/02/25 16:03:02,h6,camera-bottom,5,391.68,79.61,0.09,100.0,0,0,0,0,0,0,0,0.0,0.0,machine
11/02/25 16:05:22,h7,camera-bottom,6,302.7,94.01,0.41,100.0,0,0,0,0,0,0,0,0.0,0.0,machine
11/02/25 16:08:14,h6,camera-bottom,5,391.75,77.08,0.17,100.0,0,0,0,0,0,0,0,0.0,0.0,machine
14/02/25 13:42:01,192.168.0.111,camera-bottom,5,307.42,159.75,0.15,600.0,0,0,0,0,0,0,1,0.0,0.0,machine
14/02/25 13:43:12,192.168.0.111,camera-bottom,5,308.27,158.74,0.14,600.0,0,0,0,0,0,0,1,0.0,0.0,machine
14/02/25 13:44:09,192.168.0.111,camera-bottom,5,308.82,158.25,0.14,600.0,0,0,0,0,0,0,1,0.0,0.0,machine
17/02/25 13:18:21,h1,camera-bottom,0,216.05,227.13,0.0,0.0,0,0,0,0,0,0,0,0.0,0.0,human
17/02/25 13:19:11,h2,camera-bottom,1,226.02,208.54,0.0,0.0,0,0,0,0,0,0,0,0.0,0.0,human
17/02/25 13:20:01,h3,camera-bottom,2,256.0,199.84,0.0,0.0,0,0,0,0,0,0,0,0.0,0.0,human
